tag	nonce	classical	n_shots	rung	ms	pair_ms	sim_ms	stream_fp
i259s0	62000008397025	12	9024	9024	7315	2218	5096	50fe4daea132c25945a982edd93eab93
i259s0	62000008397026	17	9024	9024	4229	1545	2684	e9185378fe910c1ba386dded18ebd056
i259s0	62000008397027	15	9024	9024	4252	1392	2859	886f5da8ee48115e80a1c0dd9a3dfcbb
i259s0	62000008397028	16	9024	9024	4061	1394	2667	4dee886292620df807b2bb57cf5f1e41
i259s0	62000008397029	23	9024	9024	7208	2154	5053	42a0c4aa84b6c8beacfc195c7af7d0fb
i259s0	62000008397030	19	9024	9024	4146	1424	2722	0d90a7c7c3ba38b8b38d785660d44a53
i259s0	62000008397031	15	9024	9024	5904	1393	4511	59afeef5fbbfba4610c122d2541ea663
i259s0	62000008397032	16	9024	9024	4076	1414	2662	f60c24f74fcc648e84dfcbb98d85a533
i259s0	62000008397033	19	9024	9024	7241	2340	4900	3b73b245f193f778e67b0c0e79fb096d
i259s0	62000008397034	17	9024	9024	7233	2344	4889	81a955ef17973f08d44aa988d365142c
i259s0	62000008397035	14	9024	9024	4133	1412	2720	67181ed70391234df122d1e30763f670
i259s0	62000008397036	21	9024	9024	7269	2166	5102	435e1b9325c9b1428b58929e937d2d75
i259s0	62000008397037	15	9024	9024	7345	2436	4909	2267ed1f19b937d55a43c8bcfaa28757
i259s0	62000008397038	24	9024	9024	7286	2354	4932	3a15705371ab7f04936aaf3376fc2ff6
i259s0	62000008397039	16	9024	9024	7318	2397	4920	ff48c4776dc3eda024748bbed1822825
i259s0	62000008397040	18	9024	9024	4192	1454	2738	bde39eb7c15bb1fcbd2ab6b245a8849d
i259s0	62000008397041	16	9024	9024	5071	1487	3583	c0143f39429a1be628ffcfd39f627b69
i259s0	62000008397042	22	9024	9024	7283	2310	4973	07998375785c38a4de27082ac57b91a5
i259s0	62000008397043	14	9024	9024	4225	1444	2780	b2092972d36da91aca263eccb2819507
i259s0	62000008397044	21	9024	9024	7869	2617	5251	4044c781a0c7f67d7288bfb56ba48580
i259s0	62000008397045	14	9024	9024	4529	1412	3116	b9619f147c2e621cdff87b949951f109
i259s0	62000008397046	16	9024	9024	7593	2595	4997	96a3b370fcb98a3dab95ea02bae0ce05
i259s0	62000008397047	15	9024	9024	4198	1380	2818	5140faf6893ffbb3ae042d57811febfe
i259s0	62000008397048	14	9024	9024	8002	2747	5254	4ef15de321868c8709fa1420ba8f794b
i259s0	62000008397049	16	9024	9024	7282	2301	4980	f917d1bd910ad2e4877750d99bf96ddc
i259s0	62000008397050	18	9024	9024	4093	1398	2694	7bc39d4cafdd9bfc179880ac04037b05
i259s0	62000008397051	21	9024	9024	4054	1424	2630	d1e33397b9e66b29b2ed2e2ce9e4421d
i259s0	62000008397052	14	9024	9024	7476	2325	5150	e4a198b77055e33227895ea005ee7e58
i259s0	62000008397053	20	9024	9024	7346	2342	5004	7e918fb3646e69bab41fb81a1373ba71
i259s0	62000008397054	11	9024	9024	7475	2365	5110	0726cab0cc85a585ec824e0bbc389388
i259s0	62000008397055	15	9024	9024	7904	2500	5403	9343192a58ee7cafc018c330e5a8291e
i259s0	62000008397056	22	9024	9024	7299	2299	4999	c39d3c033b3da984325813fc5dc6b968
i259s0	62000008397057	12	9024	9024	7308	2309	4998	77669360f7f4675323896689f25780d5
i259s0	62000008397058	15	9024	9024	4452	1424	3028	16f0b2a4296c5f0634317cc3cfb414f1
i259s0	62000008397059	17	9024	9024	7426	2518	4908	5f3ae01a0d7772a438afc36e4705b2b5
i259s0	62000008397060	14	9024	9024	5477	1455	4021	56fce57ad094c0c15a6e0d63153dad64
i259s0	62000008397061	20	9024	9024	5698	2315	3382	f334f47a7680e833807b701e224140b2
i259s0	62000008397062	18	9024	9024	7471	2390	5080	50a64a3525ea9f2ed8c3470452ac6252
i259s0	62000008397063	13	9024	9024	4335	1407	2927	043df2b9496093a4490b1c8e9b2b3aa5
i259s0	62000008397064	23	9024	9024	4119	1406	2713	83cec276de7a802a05a20be000cf619b
i259s0	62000008397065	14	9024	9024	4729	1802	2926	89e64bcf5b6a74cf0838d69450278ded
i259s0	62000008397066	20	9024	9024	4294	1424	2869	db74a0feae9d4f02abb052636957315a
i259s0	62000008397067	22	9024	9024	7192	2168	5024	daccf9fd596573b9a5f534eb850b41dd
i259s0	62000008397068	19	9024	9024	4414	1509	2904	43b93686ee2afbf4fdd4c6eee4edd16b
i259s0	62000008397069	21	9024	9024	4302	1423	2879	4365caceed01201c24625b802a5b614c
i259s0	62000008397070	13	9024	9024	5089	1602	3486	42b431dc7fd9dd397d46ebf6b1f7755f
i259s0	62000008397071	16	9024	9024	4532	1376	3156	a6953f364d752efa048ac1b49725b67a
i259s0	62000008397072	18	9024	9024	4191	1393	2797	bc98ddc8400d9781d7482582625dfb09
i259s0	62000008397073	19	9024	9024	7852	2717	5135	d9d38af5e68292871579d63831c394d9
i259s0	62000008397074	10	9024	9024	4122	1365	2756	949880d4d7fcb8fc2bd35a79605248ce
i259s0	62000008397075	14	9024	9024	7318	2525	4792	15cd4ae8fd995d08ba88e1e96846d8a7
i259s0	62000008397076	13	9024	9024	7852	2741	5110	dcc3244053fa373916d39ee8f4e12a9d
i259s0	62000008397077	16	9024	9024	7536	2444	5091	248ed5cbd6061c1491ff9e820624f02a
i259s0	62000008397078	18	9024	9024	7385	2263	5122	9d893c69ca6bcb65bbecedb420322dd7
i259s0	62000008397079	14	9024	9024	7453	2326	5126	71af720ec8289316835c7e643f8d9596
i259s0	62000008397080	19	9024	9024	4291	1464	2827	03bdae42617a46dd71caec9d23a8b7c9
i259s0	62000008397081	12	9024	9024	7327	2292	5034	04ed35f48f2f2fd521b472df3b78ff32
i259s0	62000008397082	26	9024	9024	4246	1406	2840	556dd932ab971e64cde1485841666822
i259s0	62000008397083	9	9024	9024	7390	2407	4982	348ed31e87b542a7a83a565b429a6315
i259s0	62000008397084	11	9024	9024	6735	1891	4843	438dccc78a8806399c716851c8f7295d
i259s0	62000008397085	16	9024	9024	6548	2039	4508	0073352becd640a2777de93ec06f0cfa
i259s0	62000008397086	18	9024	9024	7341	2384	4957	99d30b0e414d1f291dd247888d6f0658
i259s0	62000008397087	16	9024	9024	7403	2295	5108	35c895d8af4ca1234ef607c940006e8f
i259s0	62000008397088	12	9024	9024	4134	1392	2741	6295ed6b2e0a2afa1c8a0a953c7ba6c3
i259s0	62000008397089	19	9024	9024	7813	2711	5101	9aba45e852fa1439570727952470240b
i259s0	62000008397090	14	9024	9024	5611	1789	3822	116468dbdee08086f28ae850da0f2bbc
i259s0	62000008397091	13	9024	9024	7404	2287	5116	3fa61a0a5f40040959f81b3c3d62bf3d
i259s0	62000008397092	15	9024	9024	4794	2142	2651	6d35d13a4fca07185a6a039f124d90e8
i259s0	62000008397093	19	9024	9024	7429	2319	5109	95942e278eeafe41cc203e63aa6c10bd
i259s0	62000008397094	21	9024	9024	7597	2375	5222	1059c7cf79db4bfe068d3c2e6284cf8a
i259s0	62000008397095	12	9024	9024	4199	1402	2797	8a2a69934866c9f83b2d616270ca2532
i259s0	62000008397096	14	9024	9024	4822	1378	3443	8d4a0b02a3cdc4a330b8041abac12258
i259s0	62000008397097	19	9024	9024	7217	2345	4872	7cc003adb6047fe2cb90c5a575e36d8a
i259s0	62000008397098	20	9024	9024	7486	2532	4953	9f30b2ddaa24f9db9b25982153b61044
i259s0	62000008397099	13	9024	9024	7549	2350	5198	de8c226c53acc864a21cc412eebb0552
i259s0	62000008397100	19	9024	9024	6852	2464	4388	517c64f53cdbaa4ab19e64b1974d9c99
i259s0	62000008397101	15	9024	9024	4224	1458	2764	bf596c88284d8f7a091a1273e3098982
i259s0	62000008397102	15	9024	9024	7515	2221	5293	4a3af33fb12df23b740fa791d5bc8399
i259s0	62000008397103	14	9024	9024	7530	2229	5300	a97e559583e3f4d6ba6dba82ef95fce8
i259s0	62000008397104	17	9024	9024	7063	2423	4640	5707f84dd3e5ee408e1a85606ef5def3
i259s0	62000008397105	17	9024	9024	6216	1731	4484	cc002dd4f020947b9054e51ae840d9db
i259s0	62000008397106	19	9024	9024	4514	1878	2636	f872edcd8cae13a5bc8c09faf7e549fa
i259s0	62000008397107	21	9024	9024	7383	2173	5210	7cba188811cb89712d31eea2901702bc
i259s0	62000008397108	15	9024	9024	4240	1454	2785	ebc5318dba6ad6a83532d16110273e3c
i259s0	62000008397109	16	9024	9024	7531	2569	4961	86afddde171d7020bc5f6b51a925fe64
i259s0	62000008397110	28	9024	9024	7141	2619	4521	13c7b4600775b4e5bf7ad625de50d538
i259s0	62000008397111	15	9024	9024	5207	2247	2960	27a6b6243e9135362a604d9cc2102b36
i259s0	62000008397112	19	9024	9024	7477	2307	5170	b932d8669a5611da75205103d4b16b51
i259s0	62000008397113	18	9024	9024	7490	2314	5175	8909d9b0c179dd783e63ae3363c6b402
i259s0	62000008397114	11	9024	9024	4027	1376	2650	26cb2ee95354f5fc1df9905338ee67a8
i259s0	62000008397115	19	9024	9024	7442	2294	5148	aa48d1d8b5f75d55c41feb1742e4caf7
i259s0	62000008397116	9	9024	9024	5087	1406	3680	bf0d05c208e891799c9f874a41bc8cba
i259s0	62000008397117	21	9024	9024	4735	1826	2908	c1fca40d4111135b359fa5c96a10d3d9
i259s0	62000008397118	20	9024	9024	7496	2474	5021	2ac7335d0589130f46176e939118a0a9
i259s0	62000008397119	20	9024	9024	4452	1668	2784	b9dab672cad601701307f499cb5034ea
i259s0	62000008397120	16	9024	9024	7575	2362	5212	e5d70f3612eb76fe4f0b7bb99e7fd659
i259s0	62000008397121	17	9024	9024	4910	1394	3515	e1c8facb2feb35b43f0f9c2492b7ab0f
i259s0	62000008397122	10	9024	9024	4924	1398	3525	cae8fec50af0c1e1af11a51aff3a69a4
i259s0	62000008397123	16	9024	9024	4225	1494	2731	3e1aebb19e82430d56d665fe7f94c681
i259s0	62137447350497	19	9024	9024	5949	1618	4330	2de872cec47e000b2cace972234b9d64
i259s0	62274886303969	14	9024	9024	6877	2091	4785	b69cec7a97fac6c05354515a4e9d6759
i259s0	62412325257441	27	9024	9024	7733	2643	5090	11b3f3d2a76c346c38cc6cefea86205c
i259s0	62549764210913	21	9024	9024	6940	2130	4809	e57e6bb76c6ad5f724db1e73ee2f4a5a
i259s0	62687203164385	22	9024	9024	3983	1422	2560	d88733669b1540504a708ed9fff886a2
i259s0	62824642117857	13	9024	9024	4419	1410	3009	ee55af55d9c7188b32f58f481a086de2
i259s0	62962081071329	19	9024	9024	7381	2433	4947	a3028f393042a19fe39f8ed63bdc8e6d
i259s0	63099520024800	21	9024	9024	5114	2075	3039	663de1bccf50bfe2ae0ccac7150480c3
i259s0	63099520024801	17	9024	9024	6943	2153	4790	226870ec2bb1f0837f9efe828c337c8b
i259s0	63236958978273	19	9024	9024	4207	1643	2563	d18642731fa8101638f2b245b8c22786
i259s0	63374397931745	15	9024	9024	4082	1308	2773	c6587a4d63a65b236bb66322ac626853
i259s0	63511836885217	25	9024	9024	5665	2577	3087	3211ae3dafcb1b278e5c52c394478d31
i259s0	63649275838689	6	9024	9024	6613	2241	4371	a808ca05a0a4cf9f74b9a1f2932c06f5
i259s0	63786714792161	13	9024	9024	7485	2646	4839	f47cff8aae9f7000316b0f71e596450b
i259s0	63924153745633	18	9024	9024	6603	2220	4382	2ce9e4e851058c19c0d472eabec5a83d
i259s0	64061592699105	18	9024	9024	4752	1399	3352	ce97e3490944d422fee201881f16bb09
i259s0	64199031652576	12	9024	9024	7391	2343	5048	41f459a7d46898e86276235cc2ff8535
i259s0	64199031652577	14	9024	9024	4090	1382	2707	c5e7c77656a58155a753eb1ef3f182ae
i259s0	64336470606049	24	9024	9024	7409	2479	4930	d80789ffa572869423bcd4eeedce2a0c
i259s0	64473909559521	17	9024	9024	6604	2247	4356	e980410df327f004a274b461befc8438
i259s0	64611348512993	15	9024	9024	6082	1396	4686	b41ba7a1ca1ef682d0875505708aaa15
i259s0	64748787466465	20	9024	9024	4121	1468	2653	004e37f5fb2a4b85cbc708b0c125fa20
i259s0	64886226419937	16	9024	9024	4893	1381	3511	9d3cdc5f742247d1888a3c414ee5adee
i259s0	65023665373409	16	9024	9024	6303	2011	4292	6a7360d552c3d3a0241b1599fe9acf70
i259s0	65161104326881	13	9024	9024	7391	2674	4717	c030a4097a98be526f17c3f0a5d620d0
i259s0	65298543280352	16	9024	9024	5077	2286	2791	84a3b9bd9ccfc203d51cf2d8866fde1e
i259s0	65298543280353	17	9024	9024	6315	2018	4297	fe72676229b918bee25f753b13d1448f
i259s0	65435982233825	14	9024	9024	4221	1517	2703	9cdb82fbbc3701ed3ff69877b26a3597
i259s0	65573421187297	11	9024	9024	4145	1424	2720	56a7b4c6e594a22903ebdd769382cad6
i259s0	65710860140769	21	9024	9024	7564	2443	5120	8f1d0ccd68bbfc6b3d52e740e3dbb003
i259s0	65848299094241	16	9024	9024	6304	2023	4281	9e88b45aa9830ba73b7f769927b5a865
i259s0	65985738047713	23	9024	9024	7467	2278	5188	7547f2c48f9ccbcf60dd96d42e6f3633
i259s0	66123177001185	16	9024	9024	4141	1395	2745	76625bd8eb63f3e13ab1fa43954fba9d
i259s0	66260615954657	10	9024	9024	4146	1460	2685	5e598588f4d03b8b49feea0a10eccd02
i259s0	66398054908128	25	9024	9024	7550	2403	5146	30b9007b7abc1f7f6970d3c423d91208
i259s0	66398054908129	20	9024	9024	4525	1697	2827	ae00b3dda5da080bc0050d7eda4c9303
i259s0	66535493861601	20	9024	9024	7524	2658	4866	ab18e97e7d74ecb6fafe89bdf625dfa4
i259s0	66672932815073	17	9024	9024	5999	1966	4033	2ba44c7df5d35dae53db1a32dd37a20b
i259s0	66810371768545	19	9024	9024	4214	1457	2756	4e79ede6aa732e32859978037c73272f
i259s0	66947810722017	24	9024	9024	4197	1431	2765	9aad801b1597b62982dfdf218abdeb8b
i259s0	67085249675489	14	9024	9024	7606	2536	5069	d03e2013fd943f6994517cf97e6a6a09
i259s0	67222688628961	24	9024	9024	6014	1979	4034	52fc4aab2e9bfd9b6a7f1425fc1c303e
i259s0	67360127582433	23	9024	9024	7393	2210	5182	afda55f1c3c78abc16f07c273bcac35c
i259s0	67497566535904	13	9024	9024	7147	2538	4609	521a99b24d5ab21ee0658b915bc3a5ed
i259s0	67497566535905	16	9024	9024	4081	1413	2667	c97b0960e9b627f0423fe817beebc05e
i259s0	67635005489377	21	9024	9024	4198	1432	2766	23d194bd4d7d3839ead0bc594ed801d9
i259s0	67772444442849	17	9024	9024	4794	2085	2708	381bd555cb03a4cf01d5a053b39043b1
i259s0	67909883396321	21	9024	9024	7406	2569	4837	1a51292750f91a0b843c8aa0baefd048
i259s0	68047322349793	10	9024	9024	5954	1963	3990	82825e09ed8ddcd2d9b89a06353cc698
i259s0	68184761303265	15	9024	9024	4147	1360	2786	877559ec3210a4aaad0faf05cc6b8bd6
i259s0	68322200256737	16	9024	9024	4074	1419	2654	8974f05b25e8d3b8636af453aa332def
i259s0	68459639210209	17	9024	9024	7359	2429	4930	fde26f6b931eda15169b4d3720e321e7
i259s0	68597078163680	19	9024	9024	7581	2509	5072	3733dfdf40535d34f32adc4ecb6ac30b
i259s0	68597078163681	23	9024	9024	5985	1991	3993	f2aab98a00c5981c8b0f1ae3f1716095
i259s0	68734517117153	22	9024	9024	7357	2248	5109	5d46871cbc6d188174395da8a6612a71
i259s0	68871956070625	16	9024	9024	4155	1393	2762	21f5326e33328707ec3928b597451deb
i259s0	69009395024097	18	9024	9024	4494	1460	3033	2418d76f0b4ed6804f17826b8c15ae4c
i259s0	69146833977569	19	9024	9024	3595	1199	2395	a34cd245f1cdfe1fd6b94db6efacfc36
i259s0	69284272931041	18	9024	9024	7692	2758	4933	3edd792eee158e95aa13ef3551986d5b
i259s0	69421711884513	22	9024	9024	6007	2050	3957	560af82ec97b8b28bc0559ff341ef0ff
i259s0	69559150837985	20	9024	9024	4192	1448	2744	d06d3f656215b447f8ca9bbf9fab6919
i259s0	69696589791456	11	9024	9024	7446	2343	5102	536c2ea9712026b478ff6f2158df0e56
i259s0	69696589791457	16	9024	9024	4178	1359	2819	467106f95df823cb55038f7efa0974c8
i259s0	69834028744929	7	9024	9024	7118	2454	4664	5fba66974918a6c483ffb27c41bb2dfb
i259s0	69971467698401	17	9024	9024	6015	2055	3960	7cf81aa6fd8a7d7d3bc682edc6acabce
i259s0	70108906651873	13	9024	9024	4330	1658	2672	6745e0deab97b7f43cb6ceba73e5f2cb
i259s0	70246345605345	15	9024	9024	4012	1436	2575	cfb9222b88d654be3fcfc39b8cc56bec
i259s0	70383784558817	18	9024	9024	4731	1494	3237	9896cda11684299c7e32e2864e936a99
i259s0	70521223512289	16	9024	9024	3576	1184	2392	1d68db56f75ffe4e860c9ea0a6feb3b9
i259s0	70658662465761	24	9024	9024	7268	2726	4541	bf1adfd85090855546cd54c3187d3871
i259s0	70796101419232	16	9024	9024	4343	1411	2932	6013964584f3efd4c82ad1bd5743e6e3
i259s0	70796101419233	21	9024	9024	5729	1907	3822	f4c6fbc0c4d5ca553b491ab062b0b759
i259s0	70933540372705	23	9024	9024	4263	1480	2783	e530a194c6c143ea474c82ae2ded7a46
i259s0	71070979326177	22	9024	9024	4065	1494	2570	d95b5a39bcfee68fcd183db644ea9cda
i259s0	71208418279649	19	9024	9024	5926	2084	3841	e1972685bc2484e3e96ad8d9cdaab30c
i259s0	71345857233121	9	9024	9024	5732	1927	3804	f6395f6fe75718d1a6d84661597607ee
i259s0	71483296186593	17	9024	9024	5891	2395	3496	c3d6f4f4a18a9b29d12f898100fe9018
i259s0	71620735140065	17	9024	9024	4159	1435	2723	49487478263163560767ed99ba86ae71
i259s0	71758174093537	17	9024	9024	5553	1902	3650	9582bb4f894bd110401a0b7b78af8687
i259s0	71895613047008	14	9024	9024	4929	1377	3552	17050b94ead39db222517e250afc318d
i259s0	71895613047009	15	9024	9024	3477	1184	2292	4b8187241491b56b743eb4e11d81f5dc
i259s0	72033052000481	13	9024	9024	4249	1503	2745	500927f68104c9a924f6197dce28f192
i259s0	72170490953953	20	9024	9024	4563	1851	2712	160e862aade1bc8e627ad181c319b1a9
i259s0	72307929907425	22	9024	9024	4157	1452	2705	d792a540b1dd9fe23db111cef3b84fb3
i259s0	72445368860897	14	9024	9024	4132	1412	2720	ab94f6691f9e0047143b61db21566319
i259s0	72582807814369	14	9024	9024	3779	1267	2512	64b5d1c40ad0adb70241319edb0116c2
i259s0	72720246767841	13	9024	9024	5479	1878	3600	379adcfba815796d7e58c47fb8d0b57b
i259s0	72857685721313	11	9024	9024	4511	1798	2713	40b801bf2f681119daa65d621e97f028
i259s0	72995124674784	15	9024	9024	4024	1344	2680	2986b564a7ddc5526724e0e1492db4b1
i259s0	72995124674785	20	9024	9024	4043	1392	2651	6de0b3c216124168459634a949cfc68d
i259s0	73132563628257	15	9024	9024	3895	1390	2505	5e9a162b81f68f1c744922f2f9eba26a
i259s0	73270002581729	16	9024	9024	3510	1145	2364	2ff559bf4657097169ecda6d12330871
i259s0	73407441535201	16	9024	9024	3988	1297	2690	7ed19a9677262aec907ad1dedb49b70d
i259s0	73544880488673	14	9024	9024	3193	1169	2024	f0b55d4f6ee2341b04399d209608598b
i259s0	73682319442145	19	9024	9024	4265	1488	2777	1887d26577dde01f3dcefe5d745773e2
i259s0	73819758395617	8	9024	9024	5255	1508	3746	e9068ac438b70b31c94dd4a453055e7a
i259s0	73957197349089	21	9024	9024	3565	1288	2276	d8f60fc644eb256df6337c363efaa092
i259s0	74094636302560	14	9024	9024	7447	2336	5110	3f7ea99974d7abbc3e2ee93c2b82324a
i259s0	74094636302561	13	9024	9024	5130	1799	3330	41440d7d0c70c2d9d7798fec81afa86b
i259s0	74232075256033	19	9024	9024	4028	1357	2671	6a831ccd4d10a17892eba1e899280dd5
i259s0	74369514209505	15	9024	9024	4396	1397	2998	27c5a5ced85d4fc8ce191e734d0d6af8
i259s0	74506953162977	17	9024	9024	5960	1423	4536	a58c02f2f105755a85edeece1b93d87f
i259s0	74644392116449	19	9024	9024	3356	1150	2205	e92923cc4a9feb7fd79c6a7b453cece0
i259s0	74781831069921	17	9024	9024	3959	1395	2564	ef4eedad9b68584168c292ed0e2f9771
i259s0	74919270023393	16	9024	9024	3192	1126	2066	3d5618329b6fd181af4e95c7b721132c
i259s0	75056708976865	16	9024	9024	4048	1450	2597	0e346c34a39dc1538638f772112e292c
i259s0	75194147930336	18	9024	9024	4545	1564	2980	b3a1a1f438899492ac098edb3fbc6ce5
i259s0	75194147930337	22	9024	9024	4232	1422	2810	d6adc89b692e07654f5a77e5c942bd2e
i259s0	75331586883809	21	9024	9024	3679	1269	2409	53d6698894d79b6d37cfd2d3df7d519a
i259s0	75469025837281	23	9024	9024	3638	1587	2050	eb5331ba1673f2929822e95f917b0519
i259s0	75606464790753	17	9024	9024	4283	1414	2868	3df41c53893c09df15c906bcd5f6b64c
i259s0	75743903744225	22	9024	9024	4043	1332	2710	aad59c580fb06b0f615a24b6952fc2e2
i259s0	75881342697697	9	9024	9024	3965	1365	2599	531032c9cc6cc692c4eb194994dede65
i259s0	76018781651169	19	9024	9024	3294	1148	2145	1c4c5ffd4973bf18fa5aa19dcd106b26
i259s0	76156220604641	18	9024	9024	4154	1580	2574	476a7391b60a1a3bcb22e1ed2506b9d7
i259s0	76293659558112	19	9024	9024	4054	1439	2614	6a575a99f9dcfc588f613491e3c9a757
i259s0	76293659558113	21	9024	9024	3010	977	2033	70f31f8762011ad127734c588af2da3a
i259s0	76431098511585	18	9024	9024	4338	1496	2841	ea55117242628134fb4430a1fc4d6072
i259s0	76568537465057	18	9024	9024	4073	1367	2705	5d5b7ab2593213b030b2394384cb396b
i259s0	76705976418529	25	9024	9024	3534	1181	2352	097ffac29a526f075bfc4e8d038f18b4
i259s0	76843415372001	14	9024	9024	3159	1056	2102	1bea2ccdeda85a97091696e3c852e26a
i259s0	76980854325473	20	9024	9024	5569	1353	4216	6d6fd8cf107e4341a363364a5899ff26
i259s0	77118293278945	13	9024	9024	4098	1407	2691	b3bdf972eb32a7d7affbdf053de6e3c8
i259s0	77255732232417	26	9024	9024	4398	1246	3152	e0d9e68cbbd223d31774664ab8c0abe2
i259s0	77393171185888	11	9024	9024	7589	2404	5184	8a08135d790615157429a78484fe74b2
i259s0	77393171185889	15	9024	9024	3417	1293	2123	fc737823149c15ced12df07e267aea23
i259s0	77530610139361	12	9024	9024	3711	1257	2452	9407f79ce8247a1e4c9f6b2c46bd6823
i259s0	77668049092833	13	9024	9024	3153	1020	2133	f5774087a2e66465170e3cb643b4dbc7
i259s0	77805488046305	14	9024	9024	4086	1363	2723	9d19b84b7d1fdbfa52cef56335f37e28
i259s0	77942926999777	12	9024	9024	4886	1501	3385	007817692415e8773ca5aadd98d4af49
i259s0	78080365953249	27	9024	9024	4605	1794	2810	0889f5369b080f5a8c69639c7256c011
i259s0	78217804906721	13	9024	9024	2902	945	1957	4ac215c768ec02d1c947cabb1e85488a
i259s0	78355243860193	15	9024	9024	5814	2338	3475	66609913888cce593fee2dfedc614f4f
i259s0	78492682813664	24	9024	9024	7534	2392	5141	0bd8003d2f43a84c29a8b2fe748ae827
i259s0	78492682813665	17	9024	9024	4208	1396	2811	68aef382d7275fc12de1b1b851e362ad
i259s0	78630121767137	20	9024	9024	5322	2259	3062	3384981c96c42fc9dfa1948d1e63e71a
i259s0	78767560720609	25	9024	9024	3391	1095	2296	5f10efb1bc15b054ea197b7bce338a75
i259s0	78904999674081	18	9024	9024	3747	1336	2411	ba18623e6663bb284e463c3cdf0f1fc7
i259s0	79042438627553	21	9024	9024	2949	1003	1946	4e8817d4a70f80ce8bf823ddaec56164
i259s0	79179877581025	15	9024	9024	4195	1409	2785	aa79d5d521ed47e4a839e08cecf96bb5
i259s0	79317316534497	16	9024	9024	4168	1492	2675	b9f27535c0a9190d4ce2bb7a8cd5119e
i259s0	79454755487969	16	9024	9024	3566	1217	2348	926ccdd0bccb159fa13c2fc57e514d0c
i259s0	79592194441440	21	9024	9024	4173	1353	2819	79a47ef130aaa512a0924102a0356f4c
i259s0	79592194441441	12	9024	9024	2914	970	1943	9881ae3d593b98650bb577929a1925dd
i259s0	79729633394913	19	9024	9024	4207	1371	2836	1ca12f1f64b7785c231dfc57e537d100
i259s0	79867072348385	27	9024	9024	5651	1404	4247	f076bf1cff27a36a5589cea50aa40cea
i259s0	80004511301857	21	9024	9024	3635	1305	2329	7669a7ff910063d81ea10259bc48bea3
i259s0	80141950255329	13	9024	9024	3512	1361	2150	f09080c8717fb1a66f35bffd9e95ada4
i259s0	80279389208801	16	9024	9024	4222	1186	3035	534ed762a84d0b16615aa0f915eaa9a4
i259s0	80416828162273	14	9024	9024	2885	958	1927	16205ff028c7f603a02d73fc03cc1041
i259s0	80554267115745	20	9024	9024	4140	1357	2782	c2ebbcaf7ae0f26c68fd6cd0c2f51336
i259s0	80691706069216	14	9024	9024	7527	2318	5209	a60d17f3ced14e59cdc70c65cd1d8d42
i259s0	80691706069217	15	9024	9024	3992	1433	2558	bc519219c5fddea2dd43b4d75a03ad43
i259s0	80829145022689	13	9024	9024	3411	1188	2223	db970f302ae231de8e09cfe5737acdcb
i259s0	80966583976161	17	9024	9024	2876	909	1967	8130103c907d38ffebe60ab3740b8ab9
i259s0	81104022929633	15	9024	9024	4162	1254	2907	107079d75e155ca5fc2c909795d4b292
i259s0	81241461883105	21	9024	9024	4708	1985	2723	05718ec6932931878d55fc2378c37827
i259s0	81378900836577	20	9024	9024	3612	1202	2410	dc7288b500e66583aa1d94321eeb2eba
i259s0	81516339790049	20	9024	9024	2855	981	1874	49099156dbde57d5aa83f73276098fdc
i259s0	81653778743521	22	9024	9024	4259	1260	2998	446ca847df2b8c385d47f9ab4f870d06
i259s0	81791217696992	28	9024	9024	4047	1470	2576	63309c9b4cd62d19456f9f3655b9bd29
i259s0	81791217696993	15	9024	9024	2826	920	1906	44c94ae2eb4c67a151e37e1ec01e6167
i259s0	81928656650465	12	9024	9024	4190	1514	2676	77758f13eb0343fa6ddb415d21785da5
i259s0	82066095603937	17	9024	9024	4214	1418	2796	14faacffe0684ee32d4e6c8606b88b37
i259s0	82203534557409	21	9024	9024	3494	1179	2315	1436b42fd95f77758fbb4c4452a9a6d5
i259s0	82340973510881	20	9024	9024	2887	1036	1851	caecfc6a782c194af353f25b9e8487e0
i259s0	82478412464353	20	9024	9024	4640	1473	3167	c9d5d12a597c0a14a9d35139dd002150
i259s0	82615851417825	14	9024	9024	3998	1357	2641	239888a76a015c5008ae4b74c09e5ed4
i259s0	82753290371297	22	9024	9024	4799	1224	3575	483f23a5dd401914844778adb90a2418
i259s0	82890729324768	20	9024	9024	4220	1587	2633	1d41b31496bc4f11b11a4181361e645b
i259s0	82890729324769	14	9024	9024	2889	1005	1883	704b966681775d9a5630649084d32b1d
i259s0	83028168278241	17	9024	9024	3768	1387	2380	daf03aca9589ffcabce0acc08069c075
i259s0	83165607231713	17	9024	9024	2921	1073	1847	d1fb7c91a2dedd0c01b1ef546bb37793
i259s0	83303046185185	10	9024	9024	4208	1424	2784	b5ca31a2f6c085d14e6dd077e2a3590c
i259s0	83440485138657	21	9024	9024	3907	1324	2583	f3efdd8c5854ab5044bda6db4488e412
i259s0	83577924092129	11	9024	9024	3339	1102	2237	b2669e972791808021ececae9dd61329
i259s0	83715363045601	20	9024	9024	2859	946	1913	44fbed294a112da2f0d75249a42eb122
i259s0	83852801999073	22	9024	9024	3870	1544	2325	f49fb44ac89d5d4c3113a163cdeec00c
i259s0	83990240952544	13	9024	9024	4063	1493	2570	1e1c9c3f1b9453762960762fff04b091
i259s0	83990240952545	15	9024	9024	4769	1434	3334	03fbfb820564f8d193185d5716db70b5
i259s0	84127679906017	8	9024	9024	4247	2017	2229	e5750b2f5fe8e7dc5496a0e6a2537baa
i259s0	84265118859489	17	9024	9024	2778	970	1808	a118c8cb867c7a861d1c53a7942bf1bb
i259s0	84402557812961	28	9024	9024	3569	1195	2374	2355566f0f55911f8b6fdda3bdb8d916
i259s0	84539996766433	11	9024	9024	2864	935	1928	c820c7b39588253b902b4b656277ffdf
i259s0	84677435719905	12	9024	9024	4207	1503	2703	1b43e6264a8c4dfb420f8c0189c17b77
i259s0	84814874673377	11	9024	9024	4814	1440	3374	11b40e5d6c986ed33933982f754f22c8
i259s0	84952313626849	18	9024	9024	3248	1137	2111	bc001d0e8569f9b28b05ee848be8a615
i259s0	85089752580320	18	9024	9024	7708	2603	5104	e31f83919529e6a01e523ee3ab778d4c
i259s0	85089752580321	14	9024	9024	2813	927	1885	f3142a29b6392830425ef13b919a0701
i259s0	85227191533793	16	9024	9024	3703	1283	2419	29f329828b5ffb95a6a637d7f8f3ddc5
i259s0	85364630487265	11	9024	9024	6723	1711	5012	74bd2ae8dce40c69d6af7d1c68eea671
i259s0	85502069440737	9	9024	9024	3459	1207	2252	b0c01653d3a405bdb45c5199700f5214
i259s0	85639508394209	19	9024	9024	3008	1089	1919	4d00d677baf530360d67c184bcc6a0a2
i259s0	85776947347681	14	9024	9024	3466	1200	2266	9a460e4502f3a00e9fe4dca6cf54798d
i259s0	85914386301153	21	9024	9024	2827	920	1906	49efa853e7180a773ba9634eafd57e69
i259s0	86051825254625	12	9024	9024	4882	1466	3416	1536e767b27c29a8883fb9f0a255acc8
i259s0	86189264208096	27	9024	9024	5941	1425	4515	7a5c4a61614b4f00819e1c4c68ee1fb2
i259s0	86189264208097	14	9024	9024	3919	1430	2489	9ad077d9ab778f8779e3366a2e8b6359
i259s0	86326703161569	18	9024	9024	3196	1065	2131	4c5b2277c6c5dd5db86a14714d3ef0d4
i259s0	86464142115041	17	9024	9024	2364	805	1559	cab9e87006e517daa1cefd153e38f01a
i259s0	86601581068513	18	9024	9024	3567	1171	2395	012dee54f9ec0b0b9c3f10ea151c6078
i259s0	86739020021985	13	9024	9024	7305	2292	5012	fec0d30f240fada0fadb61c1d76bf5cf
i259s0	86876458975457	25	9024	9024	3391	1258	2132	0e81cb557da49a0b3df7fb104c6a783c
i259s0	87013897928929	9	9024	9024	2855	964	1891	d5deb82beda2a2b8e34ce2a33909fe8e
i259s0	87151336882401	16	9024	9024	3501	1158	2342	19e018604f73e25d294adab3b99bed54
i259s0	87288775835872	13	9024	9024	7551	2335	5215	cf4ed90ad6ce6cdd3822746339a3bc35
i259s0	87288775835873	21	9024	9024	2384	837	1547	e6aa2943a60603d38a2a7cb39f295cf3
i259s0	87426214789345	20	9024	9024	5173	1481	3691	2430e12aa11c5ed3127c59fcd6dba2df
i259s0	87563653742817	19	9024	9024	3802	1304	2498	9d5ba120c3e149f4adfef2ff6a1d418c
i259s0	87701092696289	12	9024	9024	2986	1023	1963	f547ac821a415c67dcd4d29462b4de27
i259s0	87838531649761	17	9024	9024	2350	802	1548	e00a98671edc0b0814827fa3c6772952
i259s0	87975970603233	18	9024	9024	3606	1204	2401	71c18d2d406c9289fb630cf23a624036
i259s0	88113409556705	19	9024	9024	7376	2352	5023	2e36d9a3cb403ad25bea029d85ab1c35
i259s0	88250848510177	17	9024	9024	3370	1211	2158	e637885ce20b984ac5d8ca4da74f7fa8
i259s0	88388287463648	17	9024	9024	5226	1377	3849	1135aae5280a8942774e592361cf70be
i259s0	88388287463649	17	9024	9024	2900	983	1917	af7812093a8bbef4c4a1a1b253c1501c
i259s0	88525726417121	14	9024	9024	3553	1167	2385	b2ab7e2b3aaf98bcfee333a09a030554
i259s0	88663165370593	15	9024	9024	2355	817	1537	26a1ca7c7b0ef59d60fb8fce5d95e4a8
i259s0	88800604324065	16	9024	9024	3927	1409	2518	3abc45c656b0e67cc665110a31cc6e48
i259s0	88938043277537	21	9024	9024	3790	1345	2444	e0205f0e5671b137f157950f31ae50e5
i259s0	89075482231009	13	9024	9024	3120	1061	2059	bcc477b4377dd4aac5df313494cf287c
i259s0	89212921184481	15	9024	9024	1927	664	1262	fb6bbc701fcc31b8e765098179343cb3
i259s0	89350360137953	18	9024	9024	3600	1184	2416	253a9757a76a79a388617ae154909c8b
i259s0	89487799091424	18	9024	9024	7447	2354	5093	0fa4e82a467238f830d320c837e42b18
i259s0	89487799091425	15	9024	9024	7114	2275	4838	d308de9afe41b57b1f053c6343036d12
i259s0	89625238044897	18	9024	9024	3163	1119	2044	96c1125d6d2198e8420cb43f899f4b33
i259s0	90587310719200	23	9024	9024	4163	1417	2746	face8a4ad2d6e3a4c0571875f54aa85e
i259s0	91686822346976	14	9024	9024	4094	1357	2737	20398ededd6caf240263521da8402753
i259s0	92786333974752	21	9024	9024	7531	2322	5208	f7123ef52a7ce5cb4f390b08654dc8b7
i259s0	93885845602528	20	9024	9024	7588	2329	5259	2f89d51c00e020c1bcc2f8778e306768
i259s0	94985357230304	14	9024	9024	4226	1457	2769	cb27eb12600f9c07dc23e91f63c3825e
i259s0	96084868858080	21	9024	9024	7575	2347	5228	d848c9df9516adc4ead24d6a0e89661e
i259s0	97184380485856	17	9024	9024	4928	1360	3568	7250a390c3a62c7c7bcf79d8c954744a
i259s0	98283892113632	17	9024	9024	7409	2307	5102	be9323506846c702975b802ba6581912
i259s0	99383403741408	25	9024	9024	7281	2507	4773	e7c499240a17e2df4d7c2e7061cb4212
i259s0	100482915369184	13	9024	9024	5494	1477	4016	ad9727f129b3822fb2561a1c7a17d513
i259s0	101582426996960	21	9024	9024	4908	1963	2945	a39ac1810ebca81b591475879345c573
i259s0	102681938624736	17	9024	9024	7474	2428	5046	e94741fad8835c06b066d3f4825f2e45
i259s0	103781450252512	14	9024	9024	4089	1383	2706	28b7fb1243983385135e4f72e6b91a57
i259s0	104880961880288	18	9024	9024	4823	1342	3481	08674391b0e9a3f7ad7bee5ec2f41aa5
i259s0	105980473508064	15	9024	9024	7546	2314	5232	03b7f59c5cdcf096c1c3386949330ab9
i259s0	107079985135840	18	9024	9024	4484	1910	2574	1dee10d7141bfe47ede85dfab5eb86a0
i259s0	108179496763616	24	9024	9024	7509	2340	5169	2d69f7b5ab0f577ba6388285ddd60e68
i259s0	109279008391392	22	9024	9024	5890	2535	3354	6fd704a0601203d38d50c1966d1883ad
i259s0	110378520019168	16	9024	9024	7493	2315	5177	bd1a2d030f605522eb28120dc4b36f37
i259s0	111478031646944	19	9024	9024	4606	1457	3148	627a1f77cb3c535712e2efb731884116
i259s0	112577543274720	18	9024	9024	7385	2242	5142	03a733c3ca496fb6793c41e3692b40af
i259s0	113677054902496	17	9024	9024	4037	1422	2615	d4c8089f98d0258fadb71a1f817ce21b
i259s0	114776566530272	24	9024	9024	7670	2539	5130	7f333b45bbf4e7393ec22be50d70d4e6
i259s0	115876078158048	16	9024	9024	7592	2489	5103	6c5f19adfe9a9a9e401c43b6ce68287e
i259s0	116975589785824	20	9024	9024	7480	2496	4983	de87763b5d540b2df5ec5fe84742a328
i259s0	118075101413600	9	9024	9024	7503	2356	5146	461f390b04958030c13349f0c9ff5530
i259s0	119174613041376	14	9024	9024	4981	1473	3508	023967bd9145d0e2fccf06d6634aa25c
i259s0	120274124669152	24	9024	9024	7506	2351	5154	f0172af30f85850dedeb87e0b25499b1
i259s0	121373636296928	10	9024	9024	6256	1990	4265	127311e12f10265fd3b0dafb4447c691
i259s0	122473147924704	16	9024	9024	7228	2119	5109	dca79c7a35b2b0efb2bda161b346a4db
i259s0	123572659552480	22	9024	9024	4404	1515	2888	06ebbf6cffacbe0b70aa5a899485770d
i259s0	124672171180256	20	9024	9024	6865	2256	4608	c1caa8cb7bd4fc043df4e913f26c1e7b
i259s0	125771682808032	16	9024	9024	4186	1437	2749	d716da8e3d33013775dd551bd5a6ede8
i259s0	126871194435808	11	9024	9024	4116	1387	2728	bdbbc357ed7e77f274d4b88e40576622
i259s0	127970706063584	14	9024	9024	7525	2609	4915	0133b8ac53dbd812ee7fa504608e3185
i259s0	129070217691360	15	9024	9024	3998	1323	2675	4e7f46ca0a5d0c121f9800420d3174a2
i259s0	130169729319136	15	9024	9024	7370	2232	5138	d5f3bbce1fbc49a46db6664b7df659a5
i259s0	131269240946912	9	9024	9024	7349	2233	5115	433f09c9fe74b77f9338f13bb004dcd1
i259s0	132368752574688	19	9024	9024	7488	2392	5095	d91ce786e4efc69d0eaf3cf5d59c68a4
i259s0	133468264202464	18	9024	9024	4026	1413	2613	1c5243b22779e579e5bc7f13f671b289
i259s0	134567775830240	9	9024	9024	7496	2357	5138	cad8cf19908447cd4c33522639270b9b
i259s0	135667287458016	14	9024	9024	7017	2369	4648	8abec76ca51255a96e5221713aa97215
i259s0	136766799085792	16	9024	9024	7648	2492	5155	ad0e55e5f24da4a4a51b1ec72302ba3d
i259s0	137866310713568	21	9024	9024	7345	2343	5002	6e1fc2ed409c270eb4bd77d15bd007bd
i259s0	138965822341344	13	9024	9024	4356	1387	2968	9a6be3bc436d19b31756410d067b9c2f
i259s0	140065333969120	16	9024	9024	6550	2440	4110	ccdd0e820525d59d510df79d138e5c45
i259s0	141164845596896	13	9024	9024	7495	2322	5172	fa7770dae280be8c90d09003aeca00d8
i259s0	142264357224672	17	9024	9024	4312	1463	2848	5ae9cd0676c508e36531fe35139d8467
i259s0	143363868852448	17	9024	9024	7418	2329	5088	4747c21497c530c8557d50f6a40700b7
i259s0	144463380480224	22	9024	9024	6154	1421	4732	3256b038cb6645808836231721137b3c
i259s0	145562892108000	20	9024	9024	4128	1393	2734	7d2250ffd1ab4b30794f2ee948be20fc
i259s0	146662403735776	15	9024	9024	4200	1416	2783	670e77c7d7a99ed3b2ad9e763c77a6c5
i259s0	147761915363552	10	9024	9024	4425	1746	2678	2362a134cc85743f07c68c187294237d
i259s0	148861426991328	13	9024	9024	7520	2342	5178	ede884281f8a7bcf3e192ee5164917c2
i259s0	149960938619104	19	9024	9024	4198	1524	2673	5657001b6650c3bd7066d2733aa32f59
i259s0	151060450246880	19	9024	9024	7533	2341	5191	036a229ccf7ef3bed1928924e0285162
i259s0	152159961874656	19	9024	9024	7559	2520	5038	4c6743a787a3a3954b253adbb26f1eed
i259s0	153259473502432	20	9024	9024	7451	2666	4784	c6ad77d9534d75a34e261d5adf7f81af
i259s0	154358985130208	16	9024	9024	7415	2334	5080	6fbdc1a40324931383198152c45f11aa
i259s0	155458496757984	13	9024	9024	7418	2332	5085	aa05edb0b745c1c1da085e0d308e4803
i259s0	156558008385760	16	9024	9024	4095	1382	2712	21109dc0ae5966e500f5bc7af79edee7
i259s0	157657520013536	17	9024	9024	4016	1359	2656	f9399a0d207c388fffbafdec14908482
i259s0	158757031641312	18	9024	9024	5628	1883	3744	8572da0836ab840d0ad9aa913a4ae10d
i259s0	159856543269088	21	9024	9024	5610	1434	4175	4c53cceb1e7c8643fa1fb3c15a7594e9
i259s0	160956054896864	23	9024	9024	3972	1400	2572	1809ca37116e9770d54d0067359e56fc
i259s0	162055566524640	20	9024	9024	7471	2279	5191	9183b0c45f0a12979da125bfab339dcb
i259s0	163155078152416	20	9024	9024	4059	1402	2656	27bdb8fbe97774f304f8e08043d9fb46
i259s0	164254589780192	16	9024	9024	7419	2277	5141	79b2720de05d39c68922120d523699aa
i259s0	165354101407968	16	9024	9024	7292	2449	4843	1539e072592482db6adbc3498ccd7020
i259s0	166453613035744	18	9024	9024	7617	2605	5011	33dbbb46d4427218f002a14added33ab
i259s0	167553124663520	22	9024	9024	4097	1384	2713	3a6ce711b748adf52a25bb79c7ce4443
i259s0	168652636291296	17	9024	9024	4187	1479	2707	b24f249dbdb9a4ec93f6974d95702463
i259s0	169752147919072	9	9024	9024	7420	2466	4954	d7e3624f14370d89dc8e8f4967b5d3bb
i259s0	170851659546848	13	9024	9024	7224	2403	4821	bbbb96d5c1ae4a76c225a472060744f7
i259s0	171951171174624	10	9024	9024	7457	2274	5183	4813e5b69017ccc0de3943d5d4f740af
i261s0	62000008397025	18	9024	9024	7636	2442	5194	2b0c0f9eb354a8c38b856ecd2663473d
i261s0	62000008397026	11	9024	9024	7372	2254	5117	c38f912978dcc4c002f520678ff93bdb
i261s0	62000008397027	13	9024	9024	7751	2223	5527	4f86f38459533536b26b9fc2b4d3b774
i261s0	62000008397028	17	9024	9024	4400	1433	2967	073665c990bb16347f277bc49b0f401f
i261s0	62000008397029	9	9024	9024	7611	2471	5139	ee3bbaa5f99b518ed6c48e8237313252
i261s0	62000008397030	15	9024	9024	7445	2316	5128	09e6d9f66073d0c5691b9319d4108a33
i261s0	62000008397031	22	9024	9024	4277	1523	2753	2e58fd7d57fa27e643486bb5e0099e86
i261s0	62000008397032	14	9024	9024	4369	1396	2973	bf3f8407db8522a95a52c6782474c314
i261s0	62000008397033	24	9024	9024	7792	2412	5379	99d5bcb9b8a995283f9aa7cf1be3d990
i261s0	62000008397034	15	9024	9024	7413	2321	5091	95f4b79bde019b01a7432d9e08dc4c73
i261s0	62000008397035	18	9024	9024	7316	2251	5064	094f5938df21e2bbde80cb9b9382d120
i261s0	62000008397036	20	9024	9024	4169	1412	2756	ec26c858e6eff4d3074f924cf8dbcaa1
i261s0	62000008397037	10	9024	9024	7687	2341	5345	2a51567d18a71020da356c981c208d9f
i261s0	62000008397038	20	9024	9024	7387	2259	5128	de7d7b474604299b3e5266ccf89e2c19
i261s0	62000008397039	12	9024	9024	4192	1468	2724	9d142109c277e3428072c33d9085921a
i261s0	62000008397040	16	9024	9024	7310	2231	5079	ecbd541dfc19ffa70ed533f58ecb058a
i261s0	62000008397041	16	9024	9024	7253	2251	5002	a506716f73ea1493e977f12af321f3e8
i261s0	62000008397042	14	9024	9024	7524	2386	5138	81f29b5350654e3613e2caf9da01d124
i261s0	62000008397043	20	9024	9024	4273	1429	2843	2ac5f8e019a0400a9fcdcaf4bffc7b8d
i261s0	62000008397044	8	9024	9024	4638	1622	3016	40e8b34e75385c25dde37917e34bb728
i261s0	62000008397045	14	9024	9024	7245	2244	5000	bc66019b6a808c644e667b91022d62c4
i261s0	62000008397046	13	9024	9024	7368	2282	5086	7e4bdad879888c94977b263814fba59a
i261s0	62000008397047	16	9024	9024	7951	2344	5607	1e41999bd746d04321a2fa470559330a
i261s0	62000008397048	15	9024	9024	4199	1449	2749	ccf01fe8fa363349bbfaae70676bfdeb
i261s0	62000008397049	23	9024	9024	4144	1434	2709	21b22fe161c30404710f4ee7d76acfdb
i261s0	62000008397050	12	9024	9024	8169	2625	5543	c2be1176873d8059a4d01a23775214c8
i261s0	62000008397051	17	9024	9024	5728	1970	3757	36cfe390637de7d955055683f9e31e77
i261s0	62000008397052	15	9024	9024	7773	2458	5315	8108d5616fbe05103559ff3d5760e4cc
i261s0	62000008397053	17	9024	9024	7685	2267	5417	0020e686291defc6823fc3e4a9b0e4d5
i261s0	62000008397054	17	9024	9024	7150	2173	4977	fc7603fcf7d9c278910f174caecef7b5
i261s0	62000008397055	16	9024	9024	4775	1472	3303	58269e4bd98e26de60d197bd7bf35d8f
i261s0	62000008397056	9	9024	9024	7585	2248	5337	b55ae5a3b34cf6697012699881e55625
i261s0	62000008397057	12	9024	9024	4116	1436	2679	f4592410b649862bb08960662d5c885d
i261s0	62000008397058	15	9024	9024	4067	1428	2639	43a185f1731a146ec86fbd99266f5d6e
i261s0	62000008397059	15	9024	9024	8200	2545	5654	1e6e833c160895be4f8347566e933051
i261s0	62000008397060	13	9024	9024	4101	1411	2688	3833c3bc5ecdb8f2ca95e4b540bdc9b8
i261s0	62000008397061	18	9024	9024	7271	2151	5120	2c2eb370891a9f4af267c4778d906b4b
i261s0	62000008397062	22	9024	9024	7182	2121	5060	ef9f07546237f3dd1337a002cd1faa0e
i261s0	62000008397063	16	9024	9024	4208	1420	2788	090469a4ed267977fd938fc3f67ea2c5
i261s0	62000008397064	8	9024	9024	4874	1720	3154	615e321fbe29e7716ee9c01586f2be90
i261s0	62000008397065	12	9024	9024	7269	2145	5123	f78b04dd55c28fab8da6aaef68f71419
i261s0	62000008397066	16	9024	9024	7913	2450	5462	27971e4f4e3d404ea96a11fc64c2cd84
i261s0	62000008397067	17	9024	9024	4116	1436	2680	95d1ed5826c5494e2cc25cf5f9bb72c5
i261s0	62000008397068	15	9024	9024	4177	1517	2660	4b8711ed2687c0c3a1a4ea135edfd302
i261s0	62000008397069	15	9024	9024	4237	1572	2664	d64bc531129d926f42f950dc79e17c06
i261s0	62000008397070	15	9024	9024	7550	2339	5210	1bc508407bb4084e1b7ee614e540c65c
i261s0	62000008397071	14	9024	9024	7685	2338	5346	41c14281f824b7a7700c770d971dbc1e
i261s0	62000008397072	16	9024	9024	7480	2312	5168	a569b27b739d941f6aaf666ee9332086
i261s0	62000008397073	16	9024	9024	7924	2567	5356	2e0f56bba4cd4164f6abb7da4240d29e
i261s0	62000008397074	19	9024	9024	4148	1419	2729	94d17b79ae0d3f029ed73d448e7e84f7
i261s0	62000008397075	17	9024	9024	4661	1506	3154	c95773f8567388cd99b3b1706129d2de
i261s0	62000008397076	10	9024	9024	8096	2817	5278	3443fb9b449ff844da07408cad42e27a
i261s0	62000008397077	14	9024	9024	7518	2340	5177	465b6479374d7fe47322d5e0a4944e4c
i261s0	62000008397078	12	9024	9024	7731	2490	5240	0eb91c5c6479e672804a3b7f7bd45ddc
i261s0	62000008397079	14	9024	9024	4019	1393	2625	9e12d8e15a02c9c7f5f177efb0d65b13
i261s0	62000008397080	14	9024	9024	4241	1450	2790	432a41f0173c1b3a927b5724e7a84287
i261s0	62000008397081	9	9024	9024	7377	2211	5166	2b558b9d7dbaceba8ad0c7e1a2bda91e
i261s0	62000008397082	11	9024	9024	4152	1456	2695	d8771ac4c0fa5a0724ad5011b8ed94fa
i261s0	62000008397083	15	9024	9024	6276	1864	4411	9b1f95dcef9f2835fae59c127d41e8a5
i261s0	62000008397084	12	9024	9024	7428	2237	5190	6d9000605a086921fcfe2bb796ba3175
i261s0	62000008397085	16	9024	9024	4133	1458	2674	774ecd6c45fc1fbe507fe3c8984b1e0c
i261s0	62000008397086	16	9024	9024	5130	1547	3582	8b3c3c5df342b539c4964a4c2cb8c8be
i261s0	62000008397087	14	9024	9024	4052	1434	2618	176dd1fe111453731fe1398d1100a7e1
i261s0	62000008397088	17	9024	9024	4161	1483	2677	d60b8fa1f126685ef764ba7fe4d7c2d9
i261s0	62000008397089	12	9024	9024	4134	1428	2706	b60830891de247758752a67610d68366
i261s0	62000008397090	11	9024	9024	7418	2220	5197	3ce9166e9cd30797a1ad3dd8be1b4919
i261s0	62000008397091	17	9024	9024	7621	2350	5270	80155467ae9a30bf7dba7a2220a796fe
i261s0	62000008397092	18	9024	9024	4044	1416	2627	2f94b5de3d45b6a36de7334820273aba
i261s0	62000008397093	9	9024	9024	7708	2359	5348	5171b9e11a35e7b5002f02bab5f8f5e2
i261s0	62000008397094	15	9024	9024	7690	2356	5334	61679437e2138a5fc6d0ab282344ed1f
i261s0	62000008397095	24	9024	9024	5402	1495	3907	a29f7f2ec55fadd049db78631f95546b
i261s0	62000008397096	16	9024	9024	7312	2203	5108	f43f74d3778b09fab4117f6bcc6f26ea
i261s0	62000008397097	18	9024	9024	7316	2339	4976	799dc79421ce9ff62e297eb102b78aed
i261s0	62000008397098	14	9024	9024	7159	2500	4658	6ac0a0151cfbc82a56cf79c916a82123
i261s0	62000008397099	19	9024	9024	7715	2490	5224	d2e3cfe4227976ddafcd40d6dc2b9275
i261s0	62000008397100	12	9024	9024	7490	2429	5060	e085c2dcbea0d3e9e6ededa0bf1d9c3b
i261s0	62000008397101	9	9024	9024	7161	2122	5038	fa1837d1ac0484222014a0b13641b097
i261s0	62000008397102	25	9024	9024	4213	1430	2782	a3f15385d5382045a64a3ac22ccf9a19
i261s0	62000008397103	15	9024	9024	7489	2287	5201	8cc9cee25225536a04180aee8327c1fc
i261s0	62000008397104	10	9024	9024	4063	1408	2654	d300c8035cd80033679e5b5b968a2ea6
i261s0	62000008397105	16	9024	9024	4539	1481	3058	a87db6447a056a998bf37ea277ac101c
i261s0	62000008397106	17	9024	9024	7339	2226	5113	38eade5c8626cf461c50ae227c02fb78
i261s0	62000008397107	19	9024	9024	7498	2448	5049	e93206e828ec5baaa52c822fc2d84083
i261s0	62000008397108	11	9024	9024	4541	1881	2659	113cb1ebf13fdd8699d62dc673aab1b5
i261s0	62000008397109	6	9024	9024	7131	2423	4707	098ad7ef175477b9698a45bdb004b3f0
i261s0	62000008397110	12	9024	9024	6282	1892	4390	e840a1953f92836adfb6c9b496a8662c
i261s0	62000008397111	13	9024	9024	7141	2212	4929	42a7679d479519ffa2fdeb64fbe644b0
i261s0	62000008397112	22	9024	9024	7485	2358	5126	c582f91027196948fdb365d733932055
i261s0	62000008397113	16	9024	9024	4206	1453	2753	4109460989ce3dac5b2474ae4032fac1
i261s0	62000008397114	12	9024	9024	6322	2393	3928	fc29bdadc8f89a68e233f64080fc7f6a
i261s0	62000008397115	12	9024	9024	7418	2362	5055	59634a3fbd981d93d689722e37ffbab9
i261s0	62000008397116	12	9024	9024	7299	2306	4992	e4452adeb02d8f6b74be8a954b3304cf
i261s0	62000008397117	9	9024	9024	7243	2211	5031	91afcd0549dcf5fc8298a401352ebbf5
i261s0	62000008397118	15	9024	9024	7010	2319	4690	5eeb0bb8277f40aba819bf9cca567ffa
i261s0	62000008397119	15	9024	9024	7306	2339	4966	9b2b81bd6b6990e911dfd6ec578fd6b6
i261s0	62000008397120	13	9024	9024	3983	1404	2578	c864cdcea64e980ec4e1e80bd62396b2
i261s0	62000008397121	17	9024	9024	4767	1800	2967	881bccdab0d74027585b5e0411a7b753
i261s0	62000008397122	14	9024	9024	4185	1499	2685	22fbf2a90355a6f57e79143cd1f29655
i261s0	62000008397123	14	9024	9024	7353	2401	4952	f002de8047071f89c3a25a467d552216
i261s0	62137447350497	17	9024	9024	7472	2425	5046	5ae241a88b4a9784606778c1bd16d825
i261s0	62274886303969	16	9024	9024	7150	2554	4595	99767107e96b924c9ae872af7db2a428
i261s0	62412325257441	17	9024	9024	7229	2280	4949	f0f7bee35eac56480ada5a59e09bbbaa
i261s0	62549764210913	12	9024	9024	7044	2481	4563	aecd47525a848c0582a060a78a7dc51c
i261s0	62687203164385	16	9024	9024	4868	1759	3109	063477c4bad4efb66f924e01dce7f5f0
i261s0	62824642117857	9	9024	9024	7271	2291	4980	47d2e24a89bcd0cd91959c89decc1625
i261s0	62962081071329	14	9024	9024	6526	2282	4244	720c895d1f39c79db95a1764f77202c9
i261s0	63099520024800	17	9024	9024	7254	2264	4990	9a9767e32208aaa9dd1fd5bcc5f5ff84
i261s0	63099520024801	17	9024	9024	4133	1421	2712	83f88254e07c28f3eeb8a6c6d3f79261
i261s0	63236958978273	14	9024	9024	4239	1454	2784	54d2cf8caee5174d041cec9cf4cb38b7
i261s0	63374397931745	17	9024	9024	7155	2471	4683	4c6e789fb551b7f5afa5290fcca486fa
i261s0	63511836885217	18	9024	9024	7362	2323	5038	9afef6e1f82d4251cf70ae86a64771d7
i261s0	63649275838689	20	9024	9024	5412	2227	3184	17dee935e114053216985eb3ee4e257c
i261s0	63786714792161	12	9024	9024	6820	2233	4587	fc775a0e5a3d06a883ec67b2c8173945
i261s0	63924153745633	9	9024	9024	5333	2285	3047	0d9802ddfbef019ed71aa8e361095800
i261s0	64061592699105	15	9024	9024	4116	1453	2662	e0295088983c54b627584b2d873da0f0
i261s0	64199031652576	14	9024	9024	7607	2527	5079	7fa892cb4987e4c23b99b75a18cece40
i261s0	64199031652577	20	9024	9024	6790	2229	4561	bc92fb0d179690e870c475232daad5db
i261s0	64336470606049	18	9024	9024	4343	1595	2748	7160e2356a50ca25e30f3d6faea5ff6a
i261s0	64473909559521	15	9024	9024	6652	1967	4684	d3e2fedbf00171ae7b43d3c1dec3179c
i261s0	64611348512993	11	9024	9024	4025	1370	2654	687968ed8d7ce407d065ea80d1a16d9e
i261s0	64748787466465	17	9024	9024	7136	2398	4738	e79f5596b2c9071ec2cd32fc82d70396
i261s0	64886226419937	13	9024	9024	6601	2093	4507	e8cf6110f4fcd5198c3b97cfd8bfb2b3
i261s0	65023665373409	13	9024	9024	3848	1353	2494	9d9a278ce53d209b5e22f03505f4cfc6
i261s0	65161104326881	17	9024	9024	5761	2048	3713	5bb49616be4cd95c0d8fdc185b9f0e85
i261s0	65298543280352	8	9024	9024	4435	1757	2678	c0b91b86d9bb6583f0829d70fe315c41
i261s0	65298543280353	16	9024	9024	4153	1774	2379	bc240ffe1f666182289989fa650941e1
i261s0	65435982233825	19	9024	9024	4247	1519	2727	1ae5e5aa5cc36963678cef9eac084576
i261s0	65573421187297	15	9024	9024	6229	2038	4190	4b2ad85f0022b5880ae0902a01e6d57d
i261s0	65710860140769	17	9024	9024	4223	1432	2790	67b78a04cee0489642bb628d57447b72
i261s0	65848299094241	15	9024	9024	4745	2027	2717	fe97d67e680cfba1e1837b6a78964707
i261s0	65985738047713	9	9024	9024	3972	1402	2570	5998aeaf8e942c7c154d108241ded772
i261s0	66123177001185	11	9024	9024	5037	2311	2726	72d26599f4a2984652e0e5cf468ecc9f
i261s0	66260615954657	16	9024	9024	6452	2217	4235	2bd98956834cd833d52bbd4ec2724ccb
i261s0	66398054908128	14	9024	9024	7673	2558	5115	f493b397215240f8201989abafda5193
i261s0	66398054908129	14	9024	9024	3414	1155	2258	9589cb9089224544481538eddc788797
i261s0	66535493861601	15	9024	9024	3392	1156	2236	05263aec77e42943348cf27230713a37
i261s0	66672932815073	10	9024	9024	3383	1123	2259	2871070642110ae0f77869103260c602
i261s0	66810371768545	15	9024	9024	4302	1457	2845	e6fcbb3168ace4d4a2b3b909bb07ce78
i261s0	66947810722017	13	9024	9024	5597	1855	3741	48a8e75bc970f6ea8ce976a316d7c907
i261s0	67085249675489	11	9024	9024	4206	1451	2754	8009d2ff39044466ea7c821e0f725ddb
i261s0	67222688628961	11	9024	9024	4277	1443	2833	0a02ccc95a24d7cbece6e59c31ef1227
i261s0	67360127582433	27	9024	9024	4009	1392	2617	a423f234e7aa2759386398759c527983
i261s0	67497566535904	24	9024	9024	5444	2065	3378	c5d4db884c33dae78328a5b45e38856a
i261s0	67497566535905	17	9024	9024	4621	1418	3203	2e7ee3b3a73aec19da3093ae60e8373f
i261s0	67635005489377	19	9024	9024	5556	1873	3683	411afeb9e60f88c5e104afdc24ebb338
i261s0	67772444442849	29	9024	9024	3414	1177	2237	9faa27c70621e135ce8a69d4a546905d
i261s0	67909883396321	18	9024	9024	3407	1180	2226	39793918d688deac62c13a91b9186eb1
i261s0	68047322349793	20	9024	9024	3385	1174	2211	477feaa60f61a18b5fb86035c6f0aaa4
i261s0	68184761303265	17	9024	9024	4276	1525	2750	c19605823ce15b40d5134680f106ede3
i261s0	68322200256737	19	9024	9024	5427	1823	3604	8d5c8946e37756d7e370a06d996f1171
i261s0	68459639210209	16	9024	9024	5867	1445	4421	e49ec27a49380b2997065c389ce421de
i261s0	68597078163680	21	9024	9024	7334	2441	4893	3721062572c9f44e49f09894abc44662
i261s0	68597078163681	18	9024	9024	4144	1435	2709	aec0a030ae4a14eb2868162324fa33d8
i261s0	68734517117153	14	9024	9024	3991	1410	2581	b1db9bb85c955a4472a4750c643863c2
i261s0	68871956070625	18	9024	9024	7386	2300	5085	b4d02e31f5a4f0a8c46ac18d92f28a32
i261s0	69009395024097	20	9024	9024	5223	1928	3294	7e2dfcdf8a7d625a331b085ad363e238
i261s0	69146833977569	15	9024	9024	3417	1150	2267	1f4d21d47268d0c5c549bc95f5b107b9
i261s0	69284272931041	15	9024	9024	3407	1145	2261	5752ef4120ab216d54f437cd8e7eee30
i261s0	69421711884513	11	9024	9024	3383	1166	2216	ee1abf489b8d68c3055ef9b92b6d55dc
i261s0	69559150837985	15	9024	9024	4511	1483	3027	beaf2ef99a4840bba3cf7729dfcea5b9
i261s0	69696589791456	17	9024	9024	4002	1347	2654	8767c4fa30fd04b019b89b825c6dff04
i261s0	69696589791457	18	9024	9024	5239	1795	3443	a9710d794a2602eae7e29fe540e0cce9
i261s0	69834028744929	13	9024	9024	5454	1384	4069	1d113fdc208839a2c7a3c48f1ba44277
i261s0	69971467698401	16	9024	9024	4544	1431	3112	eb205bcafffc9bb0aa10ec894328fcea
i261s0	70108906651873	11	9024	9024	4083	1418	2664	e01e8721d3ffaf70ef3407c6627bdfc0
i261s0	70246345605345	17	9024	9024	7351	2141	5209	04af5682502c748bc5ef76e43f1172c3
i261s0	70383784558817	10	9024	9024	3235	1090	2144	8ff2766b83354d305715098008bf6a10
i261s0	70521223512289	15	9024	9024	3250	1094	2155	91d598d84e48250bcd4def51185b977f
i261s0	70658662465761	21	9024	9024	3246	1102	2144	801ac318384b7d2bca8f91dc8f0d1018
i261s0	70796101419232	17	9024	9024	5017	1378	3638	eb4442ee478d63bb28b3e748848d76d5
i261s0	70796101419233	15	9024	9024	3247	1106	2140	d3372a93323de8d4af95b2f346bf17c0
i261s0	70933540372705	21	9024	9024	4229	1474	2754	311ba8d36470ba951815151603aee403
i261s0	71070979326177	16	9024	9024	5081	1640	3440	c7e3a40dbdb961bc4385c0c932eb7d3d
i261s0	71208418279649	14	9024	9024	4238	1432	2806	05c9a28f8bc8c3c7769817ae46fd6eff
i261s0	71345857233121	16	9024	9024	4930	1980	2950	b06700dae347bd1001b70f3e668a7492
i261s0	71483296186593	14	9024	9024	4085	1380	2705	08f1981858f76385b14a62f1e30c3bb2
i261s0	71620735140065	15	9024	9024	4879	2134	2744	4f7b920b95cd8475bf1a06cd6c884bfe
i261s0	71758174093537	11	9024	9024	3253	1078	2174	f793ec43e86bdef1c003a03cf0913146
i261s0	71895613047008	18	9024	9024	7264	2292	4972	371fb75011132a017e6d4124fdef0e88
i261s0	71895613047009	20	9024	9024	3284	1087	2197	bd4f3e33fb986da08410ae3f779723c6
i261s0	72033052000481	14	9024	9024	3269	1091	2177	b16ab9f3eb64ef51c06693a447e8e54c
i261s0	72170490953953	18	9024	9024	3274	1081	2193	3e93e4792744c422628c0f07812452b0
i261s0	72307929907425	16	9024	9024	4306	1553	2752	9bef9674fcf27fe8025b63bc60bfd485
i261s0	72445368860897	10	9024	9024	5225	1813	3412	35feca4fc4e4561dd205eb69de21e4c9
i261s0	72582807814369	16	9024	9024	4248	1438	2810	655631475c6b291626b09a8ca6f887ae
i261s0	72720246767841	20	9024	9024	6552	2632	3919	f96e2be00bd59e1f435c7644140193c6
i261s0	72857685721313	17	9024	9024	4776	1483	3293	749edb83d74e02a756cb219990300c3a
i261s0	72995124674784	22	9024	9024	4347	1508	2838	0baaf52433abbc9b0bfe836e787e0407
i261s0	72995124674785	13	9024	9024	6487	1625	4861	de2a3ae1d8ffce979504e454821b8a9c
i261s0	73132563628257	11	9024	9024	3186	1036	2149	a1352519384bf2c40fe40c23f59ca224
i261s0	73270002581729	19	9024	9024	3213	1042	2170	bf0e1ee69db207136c73d25c48a22f14
i261s0	73407441535201	16	9024	9024	3201	1055	2146	658a8ecd7725858990c393a88f581132
i261s0	73544880488673	14	9024	9024	3218	1035	2182	f522b24f00b2bba5a10fdb687a6dbe18
i261s0	73682319442145	18	9024	9024	4191	1508	2683	36227b41b4642b768cbdb10269c13262
i261s0	73819758395617	10	9024	9024	5208	1700	3507	82b79a1a1f51efbf83d1ef94fbd8380f
i261s0	73957197349089	15	9024	9024	4148	1399	2749	c2c83315317c5e8389386ba018fff044
i261s0	74094636302560	12	9024	9024	7595	2443	5151	afc43bc259de73508395c6f8d97e67cc
i261s0	74094636302561	13	9024	9024	6181	2516	3665	e2dd79bb8e70b0437bda1fa8d51ab7fd
i261s0	74232075256033	21	9024	9024	5628	2481	3147	837daaff955bd0cdda3553b30bdfafd0
i261s0	74369514209505	23	9024	9024	4488	1721	2767	0c2b2c16b596b9666bcefb3b4a5ca31b
i261s0	74506953162977	14	9024	9024	3222	1081	2141	6ca284a1f76e4648f2b3790a32fb6560
i261s0	74644392116449	13	9024	9024	3238	1081	2157	5be6f4e6b89671a6041f5c72ee76df83
i261s0	74781831069921	11	9024	9024	3225	1089	2135	119c582094461ea75a974da21d5d2d63
i261s0	74919270023393	21	9024	9024	3215	1078	2136	a08c65625dad43254e46209063df570e
i261s0	75056708976865	7	9024	9024	4195	1503	2691	dfc1125f01a6e9d3effc371c248c16a1
i261s0	75194147930336	18	9024	9024	7253	2287	4965	cb3a78a08c6e7f08b7572f6f658498e8
i261s0	75194147930337	15	9024	9024	5155	1728	3426	8a3760695fee010a6448144bdb79b0bb
i261s0	75331586883809	18	9024	9024	4199	1470	2728	449d1762894cf7b994d62f81f30b0896
i261s0	75469025837281	11	9024	9024	4475	1430	3045	2d50c8cb839dff5c414315458b040628
i261s0	75606464790753	11	9024	9024	4058	1401	2656	b757a113885b66e5211514f48fba0da1
i261s0	75743903744225	10	9024	9024	4319	1602	2716	6ea32b45003d9b200daaa9d201340570
i261s0	75881342697697	14	9024	9024	3229	1053	2176	1b46a89280d1b6161289c0bfe7979727
i261s0	76018781651169	17	9024	9024	3242	1051	2190	831b4df990095f204d967c237936a95a
i261s0	76156220604641	20	9024	9024	3232	1064	2168	22976b7eb0eea904e55f09ca82d7cb21
i261s0	76293659558112	7	9024	9024	7516	2328	5187	f52c2317b06d41d39cb7cc2cd1258b1b
i261s0	76293659558113	15	9024	9024	3251	1062	2188	61d1447e399bafea775459a3bfd9c667
i261s0	76431098511585	19	9024	9024	4099	1424	2675	265336597794563bd796f7b390634cdf
i261s0	76568537465057	18	9024	9024	5288	1815	3473	fcd8ef4c430a771ad579f16ddf396897
i261s0	76705976418529	20	9024	9024	4228	1416	2811	5f0d20aae814717977c92ddbb9bce74b
i261s0	76843415372001	17	9024	9024	4205	1517	2687	34345c17c0dbc4db271336fa1ef816da
i261s0	76980854325473	17	9024	9024	4110	1360	2749	d2ef91e5697e73268664ca99320e498d
i261s0	77118293278945	17	9024	9024	5914	1685	4228	bed3241a7d1368c292455d9910994417
i261s0	77255732232417	18	9024	9024	3312	1071	2240	178cc1a500c0890c03ff82fb6f90500e
i261s0	77393171185888	10	9024	9024	7758	2620	5137	0cb6da509adfeac9757e7beffaac7a71
i261s0	77393171185889	11	9024	9024	3254	1071	2182	f61cfbc9c34fa6a67d884a2801de2977
i261s0	77530610139361	19	9024	9024	3227	1083	2143	3967e1d8ff8f0d669347ffa63553d48e
i261s0	77668049092833	14	9024	9024	3242	1055	2186	a83e15ddef0523944b192ba62dd15838
i261s0	77805488046305	19	9024	9024	4028	1456	2571	bd533b6503d9b2de2d95af8354e55e67
i261s0	77942926999777	12	9024	9024	5189	1652	3536	3f84e4dd382c3fa4b0351454a5531577
i261s0	78080365953249	19	9024	9024	4420	1409	3010	81c5eee6beaf28fce7a1c916e1beca99
i261s0	78217804906721	17	9024	9024	4462	1434	3028	de7953170313adc53da1e234e3acc14d
i261s0	78355243860193	19	9024	9024	7033	1938	5094	49ad2e496af3a0ab55dd33970e6315db
i261s0	78492682813664	19	9024	9024	4222	1489	2732	5051c22adc6301b71d3b2cd4b2f881af
i261s0	78492682813665	14	9024	9024	5565	2263	3301	a1117eff78960623e02b1eed9d497efe
i261s0	78630121767137	18	9024	9024	3287	1131	2156	851d440aaee9b4c792a6cde44821327c
i261s0	78767560720609	15	9024	9024	3335	1133	2201	bf1f11f870c8aecaac309547e65d7d00
i261s0	78904999674081	16	9024	9024	3309	1148	2160	8fdca4f2d6842431381fb16614f806e4
i261s0	79042438627553	19	9024	9024	3312	1123	2188	0b356fa146a640c74f2c5772e0f157c2
i261s0	79179877581025	17	9024	9024	4110	1437	2673	0e5c17d0aea8e91ba9e0d39fcb170144
i261s0	79317316534497	12	9024	9024	5340	1841	3498	2a537c98fb9911b1ef178d92dd4b2c24
i261s0	79454755487969	11	9024	9024	4505	1524	2981	fc18c557a0cd5107d48a35f46affaba4
i261s0	79592194441440	18	9024	9024	7301	2227	5074	8ecf7c8ce1d0fe2c413a57748b5cf39f
i261s0	79592194441441	21	9024	9024	5298	2460	2838	081bd09340a2cd5c01fd850b99d31d8e
i261s0	79729633394913	18	9024	9024	7429	2380	5049	1ccab8243eca0db9e6269a9c65f09f87
i261s0	79867072348385	19	9024	9024	5053	1455	3597	8fc1dd331444834f7d7ae2172a46717a
i261s0	80004511301857	15	9024	9024	3335	1064	2270	1b299cafc1e943720e562437a91a4482
i261s0	80141950255329	17	9024	9024	3225	1062	2162	37c4a3d5e562f769271c08c11f19c058
i261s0	80279389208801	19	9024	9024	3197	1090	2106	10276b2dfe3e00e0b010ee3292d6259b
i261s0	80416828162273	18	9024	9024	3431	1232	2198	a1416c840fb0742fd038ba8396504f5a
i261s0	80554267115745	11	9024	9024	4046	1444	2602	db865780917dcd767fede4d6bc34b7aa
i261s0	80691706069216	12	9024	9024	7747	2590	5157	3197e5138563244584a77d2a1b34fb1b
i261s0	80691706069217	20	9024	9024	4176	1731	2445	afd0bc37bb7dd01cc15a3260f1c26aac
i261s0	80829145022689	16	9024	9024	6968	1930	5037	4078425bc768be343d04fc5e28031003
i261s0	80966583976161	13	9024	9024	5986	1438	4547	c7f63e0bfa695fc87d6f9f3fa32799da
i261s0	81104022929633	20	9024	9024	7382	2223	5158	4c2ea77027dc7aed8c423f0be2cf8aea
i261s0	81241461883105	15	9024	9024	6450	2332	4117	3beac161df8db585521bbd24e8288996
i261s0	81378900836577	20	9024	9024	3251	1092	2159	3d09e9d2d5555425c2151163115c700d
i261s0	81516339790049	18	9024	9024	3274	1099	2174	9e2b974ab0b46640f30c2d41e84c6122
i261s0	81653778743521	19	9024	9024	3266	1129	2136	75578bc3853d4f035df8082735e90881
i261s0	81791217696992	12	9024	9024	7484	2339	5144	8406071d5ec5f2e4b606d2a4f69cecc1
i261s0	81791217696993	15	9024	9024	3246	1077	2168	4e87cfdd7adb8fa7fb05f35861297582
i261s0	81928656650465	21	9024	9024	4072	1438	2634	56bce045e8d6adc51969cae33315961e
i261s0	82066095603937	15	9024	9024	2324	878	1446	b60f3fbf2f878a162a98b14709c40eaf
i261s0	82203534557409	17	9024	9024	4151	1392	2759	e3aafae0825e91d0953da25440c01058
i261s0	82340973510881	18	9024	9024	6665	2412	4253	e68ef7b06d9c9835fe20d585d507c279
i261s0	82478412464353	10	9024	9024	4604	1746	2858	83dd9f1f8913501861f575637a046756
i261s0	82615851417825	14	9024	9024	4490	1803	2686	fe40358b9aa1a59b76b85368d064c8f6
i261s0	82753290371297	13	9024	9024	3455	1089	2366	a4b06d84a61c3479deb995cf68e115ee
i261s0	82890729324768	14	9024	9024	7334	2240	5094	f1028afaae23a2857fc2347eeb6a05a3
i261s0	82890729324769	18	9024	9024	3242	1097	2144	ab2e17a5701d2704158c71e0db06832a
i261s0	83028168278241	8	9024	9024	3246	1116	2130	b4500b55528e855f908474c526d7443b
i261s0	83165607231713	22	9024	9024	3218	1079	2139	07156ee90137ca67d68b0b653a447268
i261s0	83303046185185	21	9024	9024	4126	1424	2701	7b1da8a3305393f4484fcf5ed6526369
i261s0	83440485138657	13	9024	9024	1917	651	1266	fd08fbe80151620a59a5802bfe4a108b
i261s0	83577924092129	13	9024	9024	3951	1321	2629	92472b00782671d579704da908a4a184
i261s0	83715363045601	16	9024	9024	5207	1531	3675	53ad8ab867172340f03f8dab73fcd770
i261s0	83852801999073	13	9024	9024	4056	1436	2620	7ed9d08ec09bd8d7a2a8e843c09700b7
i261s0	83990240952544	18	9024	9024	7421	2362	5058	5e88ceea07a5a038bf6d97d5c500aff6
i261s0	83990240952545	21	9024	9024	4231	1467	2763	6c085e430103e56552884eda200cfaf6
i261s0	84127679906017	14	9024	9024	3275	1027	2248	edd55088e3f4c8a70beac25d886557b8
i261s0	84265118859489	15	9024	9024	3286	1055	2230	df04aa04d4399a7b05a69a7a71154361
i261s0	84402557812961	17	9024	9024	3481	1083	2398	7923ec4d870ca8cb9f5b0f3eccf3b59e
i261s0	84539996766433	14	9024	9024	3453	1032	2420	a4248c868a84c28025de17b89abe3529
i261s0	84677435719905	17	9024	9024	4162	1497	2665	aa79ae88195e3d9e4c0655473f5076f2
i261s0	84814874673377	15	9024	9024	1955	661	1293	3a1efaa07f841d333363b8ed257760bc
i261s0	84952313626849	12	9024	9024	3790	1283	2506	a6289b03972ec82099470ded6305607c
i261s0	85089752580320	13	9024	9024	4259	1557	2701	2a790e965bccdd75688c4e13c0d8c68f
i261s0	85089752580321	18	9024	9024	4497	1450	3046	de8fdd908a447afe8907c45d0d830e82
i261s0	85227191533793	16	9024	9024	6330	2169	4161	f8821032b5be7c07cd9f959b42369418
i261s0	85364630487265	19	9024	9024	4388	1595	2792	29f8519875251489f65c9484d4ac4208
i261s0	85502069440737	16	9024	9024	3217	1075	2142	84ec06dc6abf5b36f5d013a5e718e04c
i261s0	85639508394209	19	9024	9024	3381	1231	2150	532a48d8fca0e3475c554f0e481cfb56
i261s0	85776947347681	17	9024	9024	3343	1213	2130	a29f079559a417a5a8f68f882b779653
i261s0	85914386301153	22	9024	9024	3294	1076	2217	f19fa83e1421204f46c7c0662da8ea4a
i261s0	86051825254625	8	9024	9024	4237	1451	2785	02f0f442238ca345e71903ebd3e3b1d3
i261s0	86189264208096	12	9024	9024	4263	1473	2790	c98a81af850cf01423ab60be28a7f036
i261s0	86189264208097	11	9024	9024	1969	660	1309	88708db8a53420817428839fc39b65b9
i261s0	86326703161569	11	9024	9024	3451	1276	2175	2f590604961ab19ad52776177c3cb994
i261s0	86464142115041	10	9024	9024	4061	1332	2728	cd878586162ddeca9579716b6d982d31
i261s0	86601581068513	15	9024	9024	5341	1682	3658	47cee78b6a9ac4bbec1863e90080f243
i261s0	86739020021985	13	9024	9024	4375	1598	2776	8398968aa12c367f6e5483cdf057acb9
i261s0	86876458975457	23	9024	9024	3288	1073	2214	52ee09ea2d9e6b2764951f8140fcf461
i261s0	87013897928929	17	9024	9024	3321	1093	2228	90f7218c5a8eed589d9c34911a35a0b8
i261s0	87151336882401	20	9024	9024	3301	1092	2209	8fc94b48dde4460a93f497bad2cf3fc7
i261s0	87288775835872	18	9024	9024	7771	2538	5232	1603fc9b94da0fb44f05990d7571d1fb
i261s0	87288775835873	13	9024	9024	3341	1109	2232	2709877deaa5ab14ccd8a34d13ad90cb
i261s0	87426214789345	13	9024	9024	4204	1553	2651	b08527f194fe3be97ac14173310bf4c9
i261s0	87563653742817	17	9024	9024	2169	834	1334	b74d3e10dfd5758471a27e8b3904d385
i261s0	87701092696289	17	9024	9024	3825	1319	2505	6713a9aebd9bbb790841e371bb506707
i261s0	87838531649761	15	9024	9024	4439	1404	3034	95b85b6540e6e439dfcdfc4e2a0d42b2
i261s0	87975970603233	19	9024	9024	4420	1539	2881	776cc8d2b52c2b9dff6713dd9d8ee654
i261s0	88113409556705	9	9024	9024	4253	1382	2870	809f4e1cbf05f4c73044e65661caad98
i261s0	88250848510177	13	9024	9024	3316	1150	2166	981425ddd2d652d0059e86e311f299f4
i261s0	88388287463648	14	9024	9024	4115	1429	2685	b5ffd6a35dd41c735d28b0b938adbcd0
i261s0	88388287463649	14	9024	9024	3271	1096	2174	44b6a70e55d0edfe685cce89269b3d51
i261s0	88525726417121	14	9024	9024	3259	1113	2146	83327fe1550197ff7b4e9b93295731b3
i261s0	88663165370593	19	9024	9024	3215	1061	2154	fe1ecc8466b88b9bb9844bb8efdb7a57
i261s0	88800604324065	11	9024	9024	4218	1464	2754	902bcf2d8a0fb9f6a8c76101d4451a72
i261s0	88938043277537	14	9024	9024	1949	657	1292	59da9b0a3b632565db0f58d29093b9c4
i261s0	89075482231009	13	9024	9024	3431	1219	2211	6623f48423bb3dce3512b86e96856e70
i261s0	89212921184481	14	9024	9024	3829	1305	2523	06b7da69263d22881caa44b350106a5e
i261s0	89350360137953	15	9024	9024	3894	1350	2543	529e6dfd3ffa75e81cf031b45ceca3a0
i261s0	89487799091424	11	9024	9024	7327	2467	4859	2a34ff6859eaf03594b57f75f862749d
i261s0	89487799091425	10	9024	9024	5600	1812	3788	5bd21a81d9a5765e3b21303593bc662c
i261s0	89625238044897	10	9024	9024	2643	1005	1637	7ccdfbff13b09bae1f7c3e43d9711963
i261s0	90587310719200	17	9024	9024	5758	1681	4076	b3a6a63efb31be292eef93a3b108682b
i261s0	91686822346976	24	9024	9024	7347	2277	5070	e20273764f2a39364c63a80a0ccecdd4
i261s0	92786333974752	11	9024	9024	4736	1437	3298	a54ca9eac7f31038d5fa83bb46500844
i261s0	93885845602528	12	9024	9024	7514	2616	4898	5dba3a0b745992b6c74e934839ed4cb6
i261s0	94985357230304	15	9024	9024	4783	2160	2623	93185f52c94fedd84b6a3a44c06ac51a
i261s0	96084868858080	19	9024	9024	5844	2341	3502	27e59fc8fa5cb829dd2d52a1b3f107d0
i261s0	97184380485856	17	9024	9024	4147	1414	2732	9367194eb7b08d91cde52172e0af793b
i261s0	98283892113632	12	9024	9024	7759	2828	4930	f477eb3b72a313eff00e9f0635fbe6ec
i261s0	99383403741408	21	9024	9024	4464	1557	2907	ef7c60562a902cf7aa780d8e9993fda5
i261s0	100482915369184	14	9024	9024	6786	1573	5212	e41212cdaa9db46eb2afdf683be97d82
i261s0	101582426996960	10	9024	9024	4050	1459	2591	b608968895307c2360465f0ec6a8515e
i261s0	102681938624736	13	9024	9024	7115	2415	4699	10830cafec23098751a954d3596146e2
i261s0	103781450252512	17	9024	9024	7394	2206	5188	144d52cef25f8e819a04389c342f9d93
i261s0	104880961880288	9	9024	9024	7381	2311	5070	0911a023a94e7552aabbca6fd487937a
i261s0	105980473508064	22	9024	9024	7650	2523	5127	cfb1ee646f4d8d5b45010ba63df848f8
i261s0	107079985135840	8	9024	9024	4150	1414	2736	717988b034a676ccbeb40ed3c7ffb44c
i261s0	108179496763616	14	9024	9024	7504	2482	5021	978cc0649e0b6e450d60f76b54c7ceb0
i261s0	109279008391392	16	9024	9024	4189	1524	2664	4c0a477aeba14d4ee3fd889d8e11b6fc
i261s0	110378520019168	19	9024	9024	7448	2376	5071	ca958627e2aea44beba5cb62cbc56955
i261s0	111478031646944	22	9024	9024	7444	2451	4992	6b9a9141178de2858dcc8e67f3b4ce31
i261s0	112577543274720	16	9024	9024	7615	2549	5065	93a0d6d7dea42397a02837419056c65e
i261s0	113677054902496	17	9024	9024	7362	2392	4969	1007b056d181f803c99a02530ac97b2e
i261s0	114776566530272	17	9024	9024	5807	2311	3495	482fa789fd4d10ebf85577068f4f1a0b
i261s0	115876078158048	20	9024	9024	7365	2264	5100	ce555ce0f3b107c23d23ccc160bc3c85
i261s0	116975589785824	18	9024	9024	7376	2381	4995	d825aa2af7d66237bcbd4b3d852309f2
i261s0	118075101413600	21	9024	9024	7626	2524	5101	c19940242b41943226fed0f98519dd7d
i261s0	119174613041376	12	9024	9024	7426	2438	4987	7cded7806f35025447a966c5437bd0d6
i261s0	120274124669152	15	9024	9024	4274	1559	2715	e0fa23e8b4d015a1e1f0c833a3c91087
i261s0	121373636296928	14	9024	9024	4838	1997	2841	bcc347d71bc51d209746fd4d3bdf6e3d
i261s0	122473147924704	13	9024	9024	7435	2386	5048	18b86f67da46aa9a2f50e2e49b3aeb7f
i261s0	123572659552480	14	9024	9024	7432	2327	5104	f9c0130be9879752334f7011cc200158
i261s0	124672171180256	9	9024	9024	5203	1382	3821	95e824bbd6243cfb4965a8314ca975e1
i261s0	125771682808032	19	9024	9024	4344	1399	2944	e5bfd2b5dc3441e30058ea2c8d4bf65a
i261s0	126871194435808	19	9024	9024	7328	2274	5053	8e45522cf63d1aed06aa1805bd039c16
i261s0	127970706063584	10	9024	9024	5095	1406	3689	05e4e0259bb0a87a1eb45e520a525daa
i261s0	129070217691360	10	9024	9024	4370	1535	2835	ed202929e0d0b62e610a70cb835724bb
i261s0	130169729319136	18	9024	9024	7555	2496	5059	a8fc78442b83a0abfc25c9ae0570d1f0
i261s0	131269240946912	13	9024	9024	4181	1490	2691	a552c7bcc9276be1dab6abe34cf8a0f2
i261s0	132368752574688	18	9024	9024	4990	1800	3189	61be2df79bb012933fce65e925ad233d
i261s0	133468264202464	12	9024	9024	4156	1511	2644	01a5c5653bd060cad43eff58c28876c8
i261s0	134567775830240	18	9024	9024	4185	1380	2804	ab7f94e8a4dd382742500c46a11837c4
i261s0	135667287458016	13	9024	9024	7375	2363	5012	be404097f7671f25d927ea38778321db
i261s0	136766799085792	15	9024	9024	7348	2275	5072	81e3884163cf9785a09994b73bf75a00
i261s0	137866310713568	8	9024	9024	6879	2720	4158	856ac82138091dddd5114eba13fbac60
i261s0	138965822341344	18	9024	9024	4156	1449	2706	32e5340125589ade9a9eba6260828c59
i261s0	140065333969120	11	9024	9024	7472	2317	5154	25438f3ef366e13d611951600c76fcbb
i261s0	141164845596896	17	9024	9024	7609	2604	5005	13fc61c983d2d26a11e076bea17b30bd
i261s0	142264357224672	23	9024	9024	7437	2430	5006	01ac96339698d29ed853b3989e8f6393
i261s0	143363868852448	19	9024	9024	7594	2512	5082	a26f87cf88ae05467c1e6a3ea11bbf41
i261s0	144463380480224	7	9024	9024	7521	2608	4912	3f0b2a9a55259d5f512f9b682e8c5a5c
i261s0	145562892108000	14	9024	9024	4309	1535	2773	03a4b0a6865be37fcaf5d9d7af00a356
i261s0	146662403735776	14	9024	9024	4054	1369	2685	b731b8cec495d4797ebc12d8447ebe09
i261s0	147761915363552	19	9024	9024	7181	2237	4943	cb61755f10f918a9a613c909f397833f
i261s0	148861426991328	20	9024	9024	5468	1452	4016	f003e44b8dc98b391bfcd76c4310f2c0
i261s0	149960938619104	9	9024	9024	7417	2279	5138	e9e88359f2f237766c80f238a49105ed
i261s0	151060450246880	17	9024	9024	7529	2501	5027	e5436c37e29afcd21777df238ab79c77
i261s0	152159961874656	14	9024	9024	4751	1416	3335	ae72ee98f02436084958440271f66d67
i261s0	153259473502432	8	9024	9024	7558	2399	5158	bd53a50c086be5445dfb859177758f16
i261s0	154358985130208	17	9024	9024	7542	2430	5112	e8f167973c3d1c10740c126d0fd304fb
i261s0	155458496757984	12	9024	9024	4082	1376	2706	bf15469fbdbab8a2975c485a26119f2a
i261s0	156558008385760	18	9024	9024	7321	2239	5081	16f76ab695633855f947764ff13b5cb7
i261s0	157657520013536	21	9024	9024	4195	1491	2704	801587e3f09d9d79953ac7000c31d588
i261s0	158757031641312	21	9024	9024	7542	2400	5141	2e2d099c95af513730eb06ae459bf060
i261s0	159856543269088	18	9024	9024	7371	2279	5092	a2616a688f793fc139f0c4fd34c65b54
i261s0	160956054896864	13	9024	9024	4069	1410	2659	fc4f6768c3796f04cec9b3833aa351dc
i261s0	162055566524640	16	9024	9024	7677	2603	5073	6cf527e2c8ca9f90d4466b733cc0f92a
i261s0	163155078152416	20	9024	9024	5312	1346	3965	179865b599f43bb02598ec6c330977f5
i261s0	164254589780192	15	9024	9024	7654	2578	5075	e7391acdee427771501319b22226ff13
i261s0	165354101407968	21	9024	9024	4199	1581	2617	5704e89d95e6057a875a4496f3c2fd96
i261s0	166453613035744	10	9024	9024	6121	2379	3742	df0dbcd92e81f0776f71e1a442b32983
i261s0	167553124663520	15	9024	9024	7374	2329	5045	e8f05f6d538941d7bc9810cd773eb562
i261s0	168652636291296	10	9024	9024	4034	1363	2671	9c8961925da811a0937f9c85143df0aa
i261s0	169752147919072	19	9024	9024	6394	1769	4624	1009ccdfdc3bc710ca807d849ecbf904
i261s0	170851659546848	12	9024	9024	4003	1339	2663	b009c1f3ca15c063780612a47ed860cb
i261s0	171951171174624	8	9024	9024	4242	1513	2729	b515336ae398fbd67bc338ad059f1423
i261s1	62000008397025	16	9024	9024	4422	1510	2911	99f043d19b4fc0971ed7eb93957bdec2
i261s1	62000008397026	16	9024	9024	4491	1527	2964	42c9617cba4887c388ef87fd8e316c5e
i261s1	62000008397027	13	9024	9024	7989	2291	5697	e28af6ce7e738178d2eaa8d848acdb67
i261s1	62000008397028	18	9024	9024	7234	2418	4815	8c04560ae60cc6e0ae46babf8420fc24
i261s1	62000008397029	15	9024	9024	4159	1435	2724	eea1cdccdc7a1a86a04d2b892b621e08
i261s1	62000008397030	18	9024	9024	8075	2438	5636	1c4ce3a96b8cd31c4ccd9af20b79051c
i261s1	62000008397031	18	9024	9024	8466	2680	5785	e71dcf10e3b2a23ab2c460107d44ed3d
i261s1	62000008397032	16	9024	9024	8808	2657	6150	8ce231f67552e17e475c0e6fb59ef608
i261s1	62000008397033	18	9024	9024	4404	1458	2945	b16b38181e99c5032820eeb328e4683d
i261s1	62000008397034	18	9024	9024	8085	2448	5636	421d8cb4d32638648713bca65e635965
i261s1	62000008397035	11	9024	9024	8069	2448	5620	12bf7bc99c9a40c67b3981c142e78f8b
i261s1	62000008397036	12	9024	9024	8114	2404	5710	fdabed9876fe10251344840fb3d30eb7
i261s1	62000008397037	17	9024	9024	4350	1523	2827	f581037a9334343e67ec6a8ddb1810a6
i261s1	62000008397038	20	9024	9024	4486	1548	2937	bfb034491dddc55433c8c8635c9f9630
i261s1	62000008397039	14	9024	9024	8075	2464	5610	022765338b95e5562d7ce951b0b6b674
i261s1	62000008397040	13	9024	9024	4602	1512	3089	6183a79ca1ab35ffe46a6740ce02754d
i261s1	62000008397041	11	9024	9024	8065	2496	5569	22983319c874ce1288c98c488656a54b
i261s1	62000008397042	14	9024	9024	4396	1504	2891	3b0caecba3ceb800e07744a544857252
i261s1	62000008397043	17	9024	9024	7636	2609	5026	d8b23696764158cec79cb7ba396501b0
i261s1	62000008397044	15	9024	9024	5964	2370	3594	89ddd602155e46f4663d0812af6faad1
i261s1	62000008397045	23	9024	9024	4388	1522	2865	49118ee5e5f680522f8ec10171581aa0
i261s1	62000008397046	12	9024	9024	8050	2439	5610	2bf41664131942e1707121c94fa7dc2b
i261s1	62000008397047	13	9024	9024	8148	2466	5681	d7d69d98f016f28b1f159d70b7600c67
i261s1	62000008397048	15	9024	9024	4441	1508	2932	38308c0c0d7ac491ce94457123c741b4
i261s1	62000008397049	18	9024	9024	8172	2490	5681	4023c427e9bc02369fe2e5a0b9465185
i261s1	62000008397050	11	9024	9024	7974	2407	5567	75128c78ea6d969ef1ea54de7a9a7ab2
i261s1	62000008397051	17	9024	9024	8438	2578	5859	d46afad7a1232587a0c172313f29e4a0
i261s1	62000008397052	24	9024	9024	4171	1501	2670	6f589e7bbfd2e17cf74d852f46d33cf9
i261s1	62000008397053	16	9024	9024	4398	1432	2965	aa4044cb8b1cc1579664e62c482a89ee
i261s1	62000008397054	22	9024	9024	8055	2491	5564	9ca078fc519712221a512c259ab366a4
i261s1	62000008397055	11	9024	9024	4427	1479	2947	948f79b709ef03951d114e1beef6db19
i261s1	62000008397056	16	9024	9024	4360	1483	2877	2ab903781574d14467d26b47d56fde43
i261s1	62000008397057	19	9024	9024	8444	2679	5765	521d43553bc90d80d73874e8afa05650
i261s1	62000008397058	17	9024	9024	8065	2408	5657	27888bc53349c386e3b3898e48b02d3c
i261s1	62000008397059	21	9024	9024	8552	2773	5778	b9a54e8f78f0ef0789067fdeaebecaa0
i261s1	62000008397060	10	9024	9024	8100	2484	5616	c550fa4e46c9ea425e7a371fa73e11e4
i261s1	62000008397061	14	9024	9024	4482	1510	2971	785e3c21495d1bce0b1344b5257e094b
i261s1	62000008397062	15	9024	9024	6700	2718	3982	1fc39ae11d3519aa3c3c408625007ec6
i261s1	62000008397063	19	9024	9024	7847	2609	5237	00c0c133dafd309c92e562e3f9f9210a
i261s1	62000008397064	10	9024	9024	8692	2550	6141	7a03bd3aab63978de1d6b0e4e494e4ec
i261s1	62000008397065	17	9024	9024	8440	2602	5837	c8afa159441ed9fd6d929daeeef587e9
i261s1	62000008397066	16	9024	9024	4564	1513	3051	ec958efb7c318a59175654566a3b399b
i261s1	62000008397067	23	9024	9024	8172	2512	5659	bcfacc7c42ea82757f17203d2c6b579e
i261s1	62000008397068	26	9024	9024	8143	2529	5614	6166d052da5b98f703faeb86f4396ec6
i261s1	62000008397069	10	9024	9024	8007	2535	5472	c0c591522dc481fe75b235fa8f1abe2c
i261s1	62000008397070	17	9024	9024	4550	1565	2985	02b627f999790c8f248cbe5f4c87859c
i261s1	62000008397071	6	9024	9024	7971	2548	5422	503bc1b5aee333106df186ae13ccb62a
i261s1	62000008397072	17	9024	9024	8354	2551	5803	b6a831c50dcc721e7af2709f76fd8cb9
i261s1	62000008397073	20	9024	9024	4539	1461	3077	88f070560d32ecbc9571490b002b109a
i261s1	62000008397074	18	9024	9024	7977	2514	5462	8bf3ce2864408c77711c78d2e83e776d
i261s1	62000008397075	23	9024	9024	4608	1547	3060	1418d286b5760f751e8bac10d3ce2d5a
i261s1	62000008397076	14	9024	9024	4389	1475	2913	83c0757245705b25e4d688464529d2d2
i261s1	62000008397077	23	9024	9024	4955	1774	3180	4a4a8f1b2731ffff4a160329a66e67f1
i261s1	62000008397078	11	9024	9024	4354	1494	2860	502952e901a85ddc3a82e5e367fbff66
i261s1	62000008397079	21	9024	9024	8036	2389	5646	900f7321ddd633b4a8341bb30c6808d9
i261s1	62000008397080	18	9024	9024	4362	1493	2869	392a00dd6d4d251fe438a10e57774bc7
i261s1	62000008397081	18	9024	9024	4824	1818	3005	40ef2388ed1b1953448c07908c8e4513
i261s1	62000008397082	13	9024	9024	5382	2531	2850	3c22bd720d8c0d83cc82f25579cb249f
i261s1	62000008397083	15	9024	9024	4445	1523	2922	ea1bdd6c63e545554c18ed24150f46b9
i261s1	62000008397084	13	9024	9024	7902	2446	5456	b955a913eef2cd93d8be3561d0f496a1
i261s1	62000008397085	15	9024	9024	8114	2501	5611	0ab09ed7d62320dc5fd72a2c0e5e3a7d
i261s1	62000008397086	21	9024	9024	4578	1443	3134	124cb5fa337a4d9114d9db396dc1e7af
i261s1	62000008397087	10	9024	9024	7849	2353	5496	616ea2d9fec697791da2c713036f0d8f
i261s1	62000008397088	23	9024	9024	7882	2397	5485	7977c58c92c973ef559b971ca3dda6db
i261s1	62000008397089	16	9024	9024	7853	2382	5470	ebb7cd2dc132e99e7ab0353b1686cae1
i261s1	62000008397090	17	9024	9024	4654	1641	3012	b46c4a68803071260c71b263f3367b39
i261s1	62000008397091	18	9024	9024	4374	1554	2819	36813d6f632586d8b103c6bfba33077c
i261s1	62000008397092	22	9024	9024	8536	2773	5762	5fccee636a68ef9695d78a687224579c
i261s1	62000008397093	17	9024	9024	4296	1441	2855	39fcc1b5473c87d82d4c647a6e74e5a7
i261s1	62000008397094	17	9024	9024	5605	1436	4168	e038c48224ec4c6cce619c2180b7e92d
i261s1	62000008397095	8	9024	9024	7967	2527	5440	23f8d1edeb5c353eb06c254c2494e7e4
i261s1	62000008397096	16	9024	9024	4335	1459	2875	54665327be2e5a4cf5203a102de90459
i261s1	62000008397097	15	9024	9024	4611	1587	3023	740bfd775724fb3fdb162686b396a88d
i261s1	62000008397098	17	9024	9024	4814	1447	3366	01e11fbae870a3e0163629000f587fa0
i261s1	62000008397099	13	9024	9024	4378	1556	2821	f4e7ddf4a54c205050f1efd0beab55cc
i261s1	62000008397100	18	9024	9024	4575	1670	2904	957d0b092b2c6b6c75bedf5fa45ad32f
i261s1	62000008397101	17	9024	9024	4537	1675	2861	91ef1ba4ddc6de885163f69128eda335
i261s1	62000008397102	16	9024	9024	7942	2499	5442	f33bd03377c6ce579b3b13a0905d2c99
i261s1	62000008397103	12	9024	9024	4308	1505	2802	87b2f1196094f9d7d66b24d107b7666a
i261s1	62000008397104	14	9024	9024	7919	2455	5463	1cc976a4317ebb5abd4a3b3d10be0596
i261s1	62000008397105	15	9024	9024	4234	1453	2780	2b3b42fa9b50286a9665fcfb07d9a75b
i261s1	62000008397106	18	9024	9024	7564	2592	4971	006ac5dd81eec79391ca035c38dc394f
i261s1	62000008397107	21	9024	9024	4442	1513	2929	e81033cd7eea6b11d50db7862674c4d8
i261s1	62000008397108	23	9024	9024	7807	2228	5579	9416bbad5a22872dbfac8f792627fd06
i261s1	62000008397109	19	9024	9024	4510	1692	2817	ce12ab569605e69719acbf0ad152e728
i261s1	62000008397110	13	9024	9024	7743	2295	5448	a5f2620874df1142d38a1a3de9457c35
i261s1	62000008397111	17	9024	9024	4445	1420	3025	162be13038b48a203690600673c69364
i261s1	62000008397112	17	9024	9024	4518	1625	2892	df4f5b95f402e794523bbc6601453530
i261s1	62000008397113	14	9024	9024	7821	2321	5499	a320f1350b7327b36b24c234daf848f6
i261s1	62000008397114	13	9024	9024	7781	2387	5394	70068c046ad69d7d78583076059bcea0
i261s1	62000008397115	18	9024	9024	4583	1542	3040	296e7b89c4f95edd16d8ceceb032db08
i261s1	62000008397116	15	9024	9024	4586	1436	3149	febd2eb3253b2d17ab43c4309f846de4
i261s1	62000008397117	17	9024	9024	4361	1518	2843	055b8ca7825320b99d42fb997eec1bbb
i261s1	62000008397118	9	9024	9024	7499	2129	5370	f773bc52afe3890689ad17d3cf10a4e4
i261s1	62000008397119	22	9024	9024	4427	1458	2969	7a09b4e65eeefddf5f069e863d4d36b7
i261s1	62000008397120	17	9024	9024	7881	2484	5396	7902259632ab3060e0de98196887a7d7
i261s1	62000008397121	14	9024	9024	4420	1524	2896	3afbf192c3d71e3d2aa96b1766987559
i261s1	62000008397122	16	9024	9024	8009	2416	5592	b0055f8d0d429382222cea2601ca45d3
i261s1	62000008397123	12	9024	9024	4600	1641	2959	d2449748282007f7cb9f52f7a9bcf2a4
i261s1	62137447350497	8	9024	9024	4478	1475	3002	b7ba8a9802b68acd504d07b311aecce9
i261s1	62274886303969	18	9024	9024	8028	2532	5496	18f61fe36090b75a519b27fadeb71545
i261s1	62412325257441	12	9024	9024	4178	1507	2671	571ef2ded287e08fe53da722e19a4363
i261s1	62549764210913	18	9024	9024	7978	2601	5377	be0cd6af727519641d507f248fc28faf
i261s1	62687203164385	17	9024	9024	4089	1285	2803	a4afe0acdad2b157e08562fa6ec3d74b
i261s1	62824642117857	14	9024	9024	4399	1552	2846	f2aa9eae4ac31da92c8bb4250f128265
i261s1	62962081071329	18	9024	9024	4487	1446	3041	59f204fe116ef02c98aadf8a387ef70d
i261s1	63099520024800	10	9024	9024	4339	1537	2802	f5099b43546b86d985024ef282405b6a
i261s1	63099520024801	25	9024	9024	4182	1576	2606	e59673096e90e299fcdb11ea64528154
i261s1	63236958978273	21	9024	9024	7057	2302	4754	1b24014b1ed4e52087b45c18218a8c45
i261s1	63374397931745	16	9024	9024	7587	2485	5101	93a8a0f576eb4bc546df3a4ed044688e
i261s1	63511836885217	12	9024	9024	4850	1849	3001	c7ff99afb1b48cc822770c2ab75e723a
i261s1	63649275838689	13	9024	9024	7992	2488	5504	970243e49f3e238337a3e457d03a74fd
i261s1	63786714792161	20	9024	9024	4280	1413	2866	6fcefade94e5f24911ee39a6bcd64e9b
i261s1	63924153745633	13	9024	9024	8304	2716	5588	78a4bb84075b9fe5ec3eea67a65311a9
i261s1	64061592699105	14	9024	9024	4520	1462	3057	2b707c3ee56b95086a2f29da8d995516
i261s1	64199031652576	17	9024	9024	5296	1539	3756	3f9c62857b596f6e99645e9c46acc706
i261s1	64199031652577	15	9024	9024	4556	1466	3090	d4942715b4361ff171dab32e48856d1b
i261s1	64336470606049	18	9024	9024	4818	1573	3245	e829e433f45d2604384c23a270a548c8
i261s1	64473909559521	12	9024	9024	3890	1292	2598	c79424eacbfb2ede798b8e5d5bda4b1c
i261s1	64611348512993	17	9024	9024	6548	2059	4489	7973eba98411737ae44ac78683dde4d0
i261s1	64748787466465	7	9024	9024	7382	2325	5056	b9d1c24ec6742bd1d85637ec1308712e
i261s1	64886226419937	24	9024	9024	4362	1507	2855	039b7c46f0c6467b7b77dcbe6715369d
i261s1	65023665373409	14	9024	9024	7955	2495	5459	71783b5606ecdaf5493986d07feed3e2
i261s1	65161104326881	10	9024	9024	4023	1438	2584	fae1beb993b5d1cc659dee561cf87821
i261s1	65298543280352	20	9024	9024	7788	2438	5350	48aa719e85c1e8c41bf47e1b8ee889f3
i261s1	65298543280353	14	9024	9024	8146	2727	5419	341d6754c43b64a93f68bbaa04dba923
i261s1	65435982233825	11	9024	9024	4385	1607	2777	8f95ac2cec6af0980c00209943f65251
i261s1	65573421187297	21	9024	9024	4389	1528	2860	821da36b5dd34b9b176612447bbab031
i261s1	65710860140769	13	9024	9024	4705	1526	3178	68c3bf7055f146d1f7109a6a9a5fc92b
i261s1	65848299094241	12	9024	9024	3852	1432	2419	7dff9580fc3d9fc37ece12624d21aec6
i261s1	65985738047713	19	9024	9024	6668	2158	4509	0179118fe7cf41b3a61b6fed974df788
i261s1	66123177001185	18	9024	9024	7340	2188	5152	830f5f894ee15f035f6bd0a41d9061b1
i261s1	66260615954657	16	9024	9024	4124	1490	2634	85568833b83931be207ea82fea5eb4a2
i261s1	66398054908128	11	9024	9024	5195	1663	3531	baa029d6491f118460e3f80cbcacfb0f
i261s1	66398054908129	15	9024	9024	8073	2641	5432	5d12f7f3183c3df76c41f6e78ba49076
i261s1	66535493861601	13	9024	9024	4294	1511	2782	7177d84fe6d70caab50264b61564b82c
i261s1	66672932815073	12	9024	9024	7455	2599	4856	7196cfcb768b10180480ae177823b536
i261s1	66810371768545	16	9024	9024	3944	1317	2626	730f1b3825733a9393752b39d82aec3b
i261s1	66947810722017	11	9024	9024	4514	1523	2990	83e09025d972e25846dc9102516579d7
i261s1	67085249675489	18	9024	9024	4436	1570	2865	767228b8a963e38c56591414080f8055
i261s1	67222688628961	14	9024	9024	4178	1425	2752	1c4910e1f98ed4f05fb27251878381f2
i261s1	67360127582433	13	9024	9024	6750	2174	4576	aebeaa26633e5fb9a2eb0aeb4b0e0506
i261s1	67497566535904	23	9024	9024	7805	2361	5443	31a29a8bf822894d83f5b4ed843c5fda
i261s1	67497566535905	10	9024	9024	7376	2213	5162	0ed406030d38fa05623bde39d6f5d46d
i261s1	67635005489377	21	9024	9024	4448	1464	2983	84dfd21e47b263480e10fa7c9fe66aa6
i261s1	67772444442849	16	9024	9024	8221	2414	5807	33dd4054d02782ed147c5efa7dbe27e8
i261s1	67909883396321	24	9024	9024	4257	1551	2705	5ad8f86919823a686dd373a16d63c687
i261s1	68047322349793	14	9024	9024	7697	2710	4987	a4763e3998789548f1b2a2ac99a88f04
i261s1	68184761303265	9	9024	9024	5163	1382	3780	8ae078f9724db44cadffb0e35c624f1d
i261s1	68322200256737	11	9024	9024	4310	1415	2895	8fa3b10cd4a630581e824d245c64e9fe
i261s1	68459639210209	19	9024	9024	4353	1557	2796	25ed4120c52b354320c7847191497632
i261s1	68597078163680	21	9024	9024	8137	2604	5532	cd1140ed2a89445adcfd08a85523404f
i261s1	68597078163681	19	9024	9024	3854	1352	2501	1b65c8b768bd7c509ef20a810361aaa7
i261s1	68734517117153	20	9024	9024	6794	2250	4543	c75481c85a286ad588df7464cf76a546
i261s1	68871956070625	15	9024	9024	7043	2227	4816	a69a9298ad9e2a847a9d41c11c160720
i261s1	69009395024097	7	9024	9024	6123	1605	4517	58b5941efae92d880d0562abe10d304a
i261s1	69146833977569	10	9024	9024	8218	2423	5794	b0c3b4d8a79d04c6139d377080970a0f
i261s1	69284272931041	16	9024	9024	4084	1494	2589	65deedd62b131da015bb4bc0722e25c9
i261s1	69421711884513	12	9024	9024	7620	2607	5012	e05ba8a3cf03b98b92cd8bb1136831dd
i261s1	69559150837985	17	9024	9024	5635	1731	3903	2c5028ea16928ebf269c632d91be2ae5
i261s1	69696589791456	17	9024	9024	7921	2413	5507	23ceeb462854868dc722b4d0f2dc83dd
i261s1	69696589791457	16	9024	9024	4578	1656	2922	7a8cb1037046536b86ca8e9de10f5aa3
i261s1	69834028744929	16	9024	9024	6530	1524	5005	0b09b0823e44953e791d659e219bc9ef
i261s1	69971467698401	14	9024	9024	4038	1459	2578	7faabaadd27932711a24a49b90ac17be
i261s1	70108906651873	26	9024	9024	6745	2162	4582	2477bb9cc1ba9613dfcef9d6d7afa1cf
i261s1	70246345605345	21	9024	9024	6637	2077	4559	26b65c8e92a4af63893ceb0a5e43f8f8
i261s1	70383784558817	19	9024	9024	4280	1531	2749	9a6857518188f54695a2465e147876f7
i261s1	70521223512289	11	9024	9024	7750	2610	5139	9058c3cc412a4751d8b3bd7d9f6c2aaa
i261s1	70658662465761	15	9024	9024	4830	1423	3407	52a7ecec5bc2bd8e8bb17488774e42d4
i261s1	70796101419232	22	9024	9024	7548	2005	5542	ce5009c3c8216c1a854a94b997c1a4b4
i261s1	70796101419233	18	9024	9024	7435	2485	4949	afa7c23abf1587fe190f963b0d424f17
i261s1	70933540372705	16	9024	9024	3915	1344	2570	a3004bb7bdcd952570bc6e59205133ac
i261s1	71070979326177	12	9024	9024	4697	1472	3224	112ae69948be50d1b09c9c926f97b192
i261s1	71208418279649	13	9024	9024	7372	2280	5091	195c838864f8cfd5aaf8c000937be6d8
i261s1	71345857233121	14	9024	9024	3972	1352	2619	41c4972bb9e3be0cb0dea9d668ab2c17
i261s1	71483296186593	16	9024	9024	6457	2055	4401	8ef35e06d6916a2f686fe8cd029c2cda
i261s1	71620735140065	14	9024	9024	6643	2054	4589	d9c86e969b9d261cf14c949a6f64edf9
i261s1	71758174093537	11	9024	9024	4326	1512	2814	ac83bbb674f4bd0eca6f8c2671bf4a84
i261s1	71895613047008	14	9024	9024	4725	1506	3219	3596c5883b38c7e4a26b4a2c5582bcfd
i261s1	71895613047009	13	9024	9024	7462	2381	5081	248688b7f6199fc989e090dea282ef5d
i261s1	72033052000481	19	9024	9024	7029	2238	4790	ff8d90d7daf604aca1d07b4551985584
i261s1	72170490953953	19	9024	9024	7071	2329	4741	ebd6a8d4976ad6f09029fac2dd2e8f87
i261s1	72307929907425	9	9024	9024	3829	1363	2465	c17aa6804e11e06c5db3248ae0d960c1
i261s1	72445368860897	26	9024	9024	5469	1646	3822	c4355ff4760d7aa2179b3d90c1585b16
i261s1	72582807814369	25	9024	9024	7289	2236	5052	f627ec1538bfb2852f736d343e468505
i261s1	72720246767841	17	9024	9024	3952	1429	2522	9fa76c5a739ddc666f4c5d3d25565bac
i261s1	72857685721313	21	9024	9024	6143	2032	4111	f27eb442385aa232e885f68e35d20771
i261s1	72995124674784	13	9024	9024	7840	2355	5484	21baecbc6d895ab6ef84a664b93b51ec
i261s1	72995124674785	15	9024	9024	6748	2122	4625	0ccf7039daf766452e81a7dbbf1c4137
i261s1	73132563628257	15	9024	9024	4172	1431	2740	4765209db34b2f55e1353dd04899800d
i261s1	73270002581729	14	9024	9024	7593	2616	4976	178e069eb75e0e0b66b2f9b29177232d
i261s1	73407441535201	11	9024	9024	6442	2121	4320	8f2721390e8590bc9cdb0fdb4464126b
i261s1	73544880488673	18	9024	9024	6922	2125	4797	c66d02c78ea283c298136902a27e4052
i261s1	73682319442145	21	9024	9024	3808	1340	2468	55655ce08ecf6dd11dfabd5d642831b3
i261s1	73819758395617	15	9024	9024	4467	1516	2951	bf2505da0250483ef03187e64f3a9515
i261s1	73957197349089	18	9024	9024	5979	2329	3649	e9a1fb7d63640543509736f6be3eb2fc
i261s1	74094636302560	15	9024	9024	4595	1553	3041	d3f4503520713ed22090e1d7e14c0f8b
i261s1	74094636302561	17	9024	9024	4061	1471	2589	8b6087aaa1134fe853138e3ed57b41fd
i261s1	74232075256033	14	9024	9024	6055	2105	3950	45e8fdec005463a1348642713433ee86
i261s1	74369514209505	16	9024	9024	6784	2094	4690	15eaa341c0541921153fc49924ea7c79
i261s1	74506953162977	14	9024	9024	3951	1388	2563	108a13adef9d007fb3f02fb545bb0d72
i261s1	74644392116449	13	9024	9024	7471	2494	4976	da140c68ef1fd1548be1d017c2652ea0
i261s1	74781831069921	22	9024	9024	6660	1843	4817	a4e54de725956256b6d9f1c726029702
i261s1	74919270023393	16	9024	9024	7047	2249	4797	b60327d4735da6afac4e7275ef4293f5
i261s1	75056708976865	23	9024	9024	3631	1282	2348	551b6822723477c92da95a08f7b55c3b
i261s1	75194147930336	15	9024	9024	4268	1424	2843	fcace3509da53289356be9775b2532ee
i261s1	75194147930337	13	9024	9024	4370	1409	2961	fa1b4bb87acd79fd814204598aba5a07
i261s1	75331586883809	10	9024	9024	4128	1475	2652	f380f7746ea5d7cba2e918acb27a13a3
i261s1	75469025837281	14	9024	9024	4654	1505	3148	306a31ead35d71813edd81052c01cdd9
i261s1	75606464790753	14	9024	9024	5922	1938	3984	f80c9c6a47ce6144d4291f774881ebed
i261s1	75743903744225	21	9024	9024	6727	2121	4605	08117ec081ca6e18392ebf7b56e10ed3
i261s1	75881342697697	10	9024	9024	4052	1340	2712	97cd6fbc6b731394d952e5e068236181
i261s1	76018781651169	17	9024	9024	5786	1873	3912	f00a0c24fbb6246622ad48c26477a641
i261s1	76156220604641	19	9024	9024	6503	2122	4380	6a6c21cf515273b0e6bcbaff02380b91
i261s1	76293659558112	15	9024	9024	4315	1444	2870	91b45b9233759729c08b30684dd5fba6
i261s1	76293659558113	21	9024	9024	7090	2144	4945	c368d46adb122127c4ff88cccd3cbbf9
i261s1	76431098511585	13	9024	9024	3629	1251	2377	eb0d6969a572de71b0d52a721b797610
i261s1	76568537465057	16	9024	9024	4505	1568	2936	fcb4ee20980cf4af5726406628e00bb8
i261s1	76705976418529	20	9024	9024	4356	1821	2534	7384b37f4544b928635dc120403659d2
i261s1	76843415372001	17	9024	9024	5796	2222	3573	966e1b6dd8c285ead93bca6d6b12b41a
i261s1	76980854325473	24	9024	9024	6130	2123	4006	913bdc23a20e045d455d1872f32bfd27
i261s1	77118293278945	16	9024	9024	6054	2099	3954	fefe323b1cc48e0593255adae3c2f0af
i261s1	77255732232417	15	9024	9024	6291	1835	4456	3a8e8be52d00a96f6d042bbf89047fc8
i261s1	77393171185888	21	9024	9024	4974	1674	3300	1b159090d491518f06a5fb801915146e
i261s1	77393171185889	19	9024	9024	4583	1390	3192	278ca46550c3d05a246cf180577d1eea
i261s1	77530610139361	14	9024	9024	5260	1561	3699	34b04957749359529e0a35d2a4fa3e78
i261s1	77668049092833	17	9024	9024	7172	2256	4915	dc69581fd08a526ba1a1336beecab559
i261s1	77805488046305	13	9024	9024	3610	1213	2396	33a8ac17d0659b155ccac871d720536c
i261s1	77942926999777	14	9024	9024	4495	1474	3020	2a1bb26edebd7e99eaed592e4d866928
i261s1	78080365953249	25	9024	9024	3879	1300	2578	462b8cb750056257e47d277632576847
i261s1	78217804906721	8	9024	9024	4470	2087	2382	47594666534bc716ab05f5c5ca2f09e3
i261s1	78355243860193	18	9024	9024	4491	2036	2454	b74415df4abb5ebc56187b471c48c3ff
i261s1	78492682813664	19	9024	9024	7902	2559	5342	1883b05b8685185cf26b0e9334f51071
i261s1	78492682813665	13	9024	9024	4307	1726	2580	262f3077e0fb7531d723b7a71ae4cbc7
i261s1	78630121767137	12	9024	9024	6670	2184	4486	e86a68a07f067b7c7c549547b4ea4fff
i261s1	78767560720609	18	9024	9024	4838	1815	3022	ccc82d3b7099c517fe333c11ae81c324
i261s1	78904999674081	13	9024	9024	4625	1404	3220	a78d42280c74f7d6a7630d7f6ad70d1a
i261s1	79042438627553	12	9024	9024	6674	2135	4538	2e86b99906fd6abf81a87841280560ef
i261s1	79179877581025	11	9024	9024	3596	1229	2367	996983f89547eaa4520a49230b2733a1
i261s1	79317316534497	11	9024	9024	4413	1608	2805	77e746428b6d8e80b655fadfacc760e7
i261s1	79454755487969	19	9024	9024	4041	1369	2671	6e4d809dff793d24c8bfe192bd6e6040
i261s1	79592194441440	13	9024	9024	4504	1504	2999	334122e08b4e5429b91f0fed7ff22c90
i261s1	79592194441441	18	9024	9024	4577	1257	3320	5c3ce4f3b7570b780a84ab42379504dc
i261s1	79729633394913	17	9024	9024	3169	1112	2056	655f22746c03d9b2af8eda06b00acbd8
i261s1	79867072348385	18	9024	9024	3727	1310	2417	1608cfe65f3eb4451c0c5382ce7c2856
i261s1	80004511301857	12	9024	9024	6766	2246	4519	31b2e6726ec6b48847287a8f9c5cee7e
i261s1	80141950255329	14	9024	9024	4401	1636	2764	454e7ce57f4e91b5c8f9044b41899e96
i261s1	80279389208801	12	9024	9024	4145	1443	2702	8b0d0e88d0ccac7792b013fd9ef933e9
i261s1	80416828162273	13	9024	9024	5427	2130	3296	4a1edaba443bdfd87f64172617232434
i261s1	80554267115745	13	9024	9024	3688	1286	2402	6518faa29c25596b2f2b7c0bdacd5276
i261s1	80691706069216	12	9024	9024	4634	1508	3125	11c11fd09805a9497949c6b6fdc4f19b
i261s1	80691706069217	18	9024	9024	4316	1537	2778	8d4c49e3ed08f907130a4948f637ac2b
i261s1	80829145022689	11	9024	9024	4214	1434	2780	f7dc7624f38a676718841a5d43d7605d
i261s1	80966583976161	6	9024	9024	5064	1672	3391	90f4f28b0976d43b50baeb053a46b36d
i261s1	81104022929633	15	9024	9024	3366	1111	2255	dd1229f122d6257ea29e09b94321871d
i261s1	81241461883105	16	9024	9024	3731	1247	2484	26fa406f512381281b404e8376e87031
i261s1	81378900836577	17	9024	9024	6758	2267	4491	39667dcff2987bc1f3e356913d7dd73e
i261s1	81516339790049	13	9024	9024	4048	1325	2722	54cd194aa3b2e3934e822b4402196826
i261s1	81653778743521	19	9024	9024	3908	1339	2568	c8e0b78fc14156279dd3f17a9d9df130
i261s1	81791217696992	15	9024	9024	4357	1556	2801	1045caed9a36c8695dce431e13b75cfd
i261s1	81791217696993	18	9024	9024	3655	1284	2371	78ef3a3f46913d462b24ca65d9438d3c
i261s1	81928656650465	19	9024	9024	3617	1254	2362	8dc3e3b774ed0da9d647a42537dd82ad
i261s1	82066095603937	18	9024	9024	4023	1428	2594	634b0c40665394cae44eb64674c48cc7
i261s1	82203534557409	18	9024	9024	3892	1335	2557	94b9af3e5a9100c8509ede1b796eeb1d
i261s1	82340973510881	19	9024	9024	5478	1988	3489	b274cf1c4823f051df8789d48c070ccd
i261s1	82478412464353	11	9024	9024	2964	1086	1877	b0ab71e6af2f1044fc744ee713b9a75c
i261s1	82615851417825	20	9024	9024	4328	1287	3040	8898e510465556fd7578dd55abda792d
i261s1	82753290371297	18	9024	9024	6565	2218	4346	9ae9bcb7b99b7acd047e078d70e1152b
i261s1	82890729324768	20	9024	9024	4359	1503	2855	059a8265ebd51b7b4f63948207421087
i261s1	82890729324769	12	9024	9024	3917	1378	2539	2f5f2ca5d2e0593742847e8c8f742fe3
i261s1	83028168278241	12	9024	9024	5704	1537	4166	ce9789a49c242426ad1297c635db2876
i261s1	83165607231713	18	9024	9024	3605	1232	2373	ac6d87c2803828933f27ed11fdf81a9b
i261s1	83303046185185	18	9024	9024	3232	1094	2137	49100a44a9a9934c12c343617e3916c8
i261s1	83440485138657	14	9024	9024	4261	1483	2778	f9c1166bc6eee34798ee6d1febe1ba98
i261s1	83577924092129	10	9024	9024	4061	1401	2660	f8df6bb22d75ba24d961b5345c8a93ba
i261s1	83715363045601	19	9024	9024	4664	1282	3382	4f85423ea726d72ebc09f3804f1e24fb
i261s1	83852801999073	15	9024	9024	2846	1013	1832	30f7af914ebcf07d4b5320d9f2e424ff
i261s1	83990240952544	13	9024	9024	4660	1652	3008	2ac9717c55e37a92d8ca1aca09ba8b0e
i261s1	83990240952545	17	9024	9024	3619	1306	2312	1d9ede61b81fe18f8ece7f9a5c331454
i261s1	84127679906017	14	9024	9024	6341	2145	4195	82e3aa44ca8894808448add33c91f824
i261s1	84265118859489	15	9024	9024	4061	1404	2656	744f308b83652649e222434d2ed155f0
i261s1	84402557812961	21	9024	9024	3760	1357	2403	7c27db15813c8d44bb7d74cb1be59810
i261s1	84539996766433	18	9024	9024	3627	1204	2423	8efc3f23dd1892b271d8829c1a7e10bb
i261s1	84677435719905	20	9024	9024	3151	1063	2088	3e1ef25654c71ce825110af1a008b799
i261s1	84814874673377	19	9024	9024	4085	1374	2710	d2b55b11e84c1f83cfbfd56a0e4960c3
i261s1	84952313626849	19	9024	9024	3959	1320	2638	e15a411f37ed976fe3f0bccf6e22b7db
i261s1	85089752580320	18	9024	9024	7689	2261	5427	d84f4937bd2c625fb053dee075407921
i261s1	85089752580321	14	9024	9024	4529	1382	3146	e0f65905e4e68f7aeab87b07dfcc9f93
i261s1	85227191533793	14	9024	9024	2218	840	1378	8e4d721c341baf5ff0031b2dd971b280
i261s1	85364630487265	11	9024	9024	3709	1317	2391	9ed32c868e99f625ee3873c10d4cb400
i261s1	85502069440737	13	9024	9024	5915	1987	3927	a1efd7400c03fb8ea68065556d8612f0
i261s1	85639508394209	20	9024	9024	4082	1340	2741	991c01a0cc7c7f392f5ccf9a8f4fffec
i261s1	85776947347681	19	9024	9024	3642	1212	2430	29591d4aa7821ba64eef86d23c6624b1
i261s1	85914386301153	25	9024	9024	3619	1198	2420	e0c601661cb817ffebd757aab7ed05c7
i261s1	86051825254625	14	9024	9024	3331	1031	2299	8ade5ecbe11fd23f8018b963c6c6485d
i261s1	86189264208096	16	9024	9024	7832	2489	5342	fb95cb235aa7f2cc5a65b7031ae943eb
i261s1	86189264208097	14	9024	9024	4562	1491	3070	a9cae8bc2ea7c9df98d39be3b0d99beb
i261s1	86326703161569	19	9024	9024	4396	1360	3036	8b630a109f03e04b9291e6fd50bbfaf8
i261s1	86464142115041	12	9024	9024	3126	1149	1976	2439441c424d2b4e625dfa1429b4859e
i261s1	86601581068513	15	9024	9024	1889	645	1244	5ec699c4c700c20088e8078d7544f6e9
i261s1	86739020021985	14	9024	9024	3745	1248	2497	62d6a5148dfd2400f27d255d47456472
i261s1	86876458975457	12	9024	9024	6036	2058	3978	ddac2398b5cd7e10779364ac51dd6de2
i261s1	87013897928929	10	9024	9024	3982	1396	2585	43cf3fffe4eeb93bb533f8cef465cac6
i261s1	87151336882401	15	9024	9024	3662	1211	2450	90ba2ba21aa22a901c45daa64ff86dfc
i261s1	87288775835872	19	9024	9024	4966	1593	3373	4dc5e3c51cc2d2e6d42a86b179d1b55f
i261s1	87288775835873	20	9024	9024	3644	1263	2381	7b6e63f714232b7dde7bd355299e2783
i261s1	87426214789345	19	9024	9024	2913	1019	1893	3ae73a2677f14eff1e0dd280a9c8df05
i261s1	87563653742817	7	9024	9024	4202	1443	2759	3ddcc2ef055b4860b7151181f6d61809
i261s1	87701092696289	22	9024	9024	5322	2335	2987	362533f82967559f510c5dcd28909259
i261s1	87838531649761	20	9024	9024	3192	1340	1851	636368ec411a125348ea6f69436415b1
i261s1	87975970603233	23	9024	9024	1941	646	1294	725ad7ca11e5b759f03d7aed7831c6d0
i261s1	88113409556705	21	9024	9024	3322	1179	2142	141133c418a8cada54df0268358ce238
i261s1	88250848510177	16	9024	9024	6036	2028	4007	ea0eaeb5979091dcb9c3045a376c81f4
i261s1	88388287463648	12	9024	9024	7734	2253	5480	19e700e4e397a81142e5f91c18f6755d
i261s1	88388287463649	19	9024	9024	3954	1321	2633	75e78de7d059d1e583f3561139f15064
i261s1	88525726417121	11	9024	9024	5679	1935	3744	e9896ab1d5e8060b630c1a25b4eaa3dd
i261s1	88663165370593	16	9024	9024	3604	1266	2337	d0448a7c15168cc393a0683ac28479d5
i261s1	88800604324065	22	9024	9024	2687	1035	1652	81d89353aee7870553283cba3abe23e6
i261s1	88938043277537	18	9024	9024	4094	1467	2626	53bf13ae725cd73ba740a59bd04684d1
i261s1	89075482231009	14	9024	9024	3805	1303	2502	609f1c9b3815fe998a999fe41d6fbcba
i261s1	89212921184481	23	9024	9024	2919	1017	1901	408973329459345abaa3fe09bf168589
i261s1	89350360137953	11	9024	9024	1918	646	1272	9995192fc7da755a81f46901eee7eaa0
i261s1	89487799091424	14	9024	9024	8514	2837	5676	c9f48bfaf8374b17065eade1eab11a61
i261s1	89487799091425	13	9024	9024	3168	1061	2107	39688bb2b0ff15d4f0b17e3eca96b410
i261s1	89625238044897	18	9024	9024	4675	2091	2584	0815e7f247eb9c7fbd3afe369c89b1c1
i261s1	90587310719200	17	9024	9024	7836	2442	5393	674be0f1cad78a2ca2ef614021fe95e4
i261s1	91686822346976	18	9024	9024	4552	1521	3030	dc05ca50302a52b97d17db1e8aef2faa
i261s1	92786333974752	8	9024	9024	7804	2364	5440	a96fb0e3f36eca3f2da5dc9d1bdf8f86
i261s1	93885845602528	14	9024	9024	5091	1646	3445	ded01ffe0b5d67cf17a22043b3245632
i261s1	94985357230304	14	9024	9024	7773	2448	5325	8167b515046870589e4210a2c9d49bc2
i261s1	96084868858080	19	9024	9024	7833	2382	5450	73e815cc09a0eb77268250b324f0309a
i261s1	97184380485856	15	9024	9024	7895	2484	5410	c7b31da841a351ed07eb1f017195f706
i261s1	98283892113632	18	9024	9024	8318	2743	5575	0e599712a96b5ffc7cf128f03580dc2c
i261s1	99383403741408	10	9024	9024	7831	2316	5515	2f9d2c64090b3ac447a2641a39a5c8c3
i261s1	100482915369184	9	9024	9024	7901	2567	5334	fcd82f5fd28d163966a4ea2f0ba1723d
i261s1	101582426996960	23	9024	9024	7826	2316	5510	4cfd98537ab89dde33c9d1d3afa5dc2a
i261s1	102681938624736	16	9024	9024	7919	2594	5324	d43a787a5319b060c62184a65e9f24e3
i261s1	103781450252512	12	9024	9024	4963	1579	3383	01620f745471b58e1b6a0997a2cb65b3
i261s1	104880961880288	13	9024	9024	4409	1501	2907	b2ea63d29b00d76e6ac071f273790698
i261s1	105980473508064	19	9024	9024	4757	1578	3178	639dd4aa7e733900fab2b5afc6548428
i261s1	107079985135840	20	9024	9024	7698	2341	5357	6c172670da007cc9a271e253538a6082
i261s1	108179496763616	17	9024	9024	4340	1499	2841	98ebaebe02ffc33cecab8bf0e345add0
i261s1	109279008391392	21	9024	9024	7615	2465	5149	33d50c281366fff66c030a5035860fad
i261s1	110378520019168	16	9024	9024	7945	2619	5325	67f38bcb4d165bff30356f17efdb0175
i261s1	111478031646944	15	9024	9024	4542	1573	2969	db13dd05a9a7afc41f1c9281f1af86d1
i261s1	112577543274720	17	9024	9024	8107	2708	5398	d33f539098d38caa0b5d2cf1982077a3
i261s1	113677054902496	23	9024	9024	4524	1456	3067	bc74156064f3d80fca6dfd9d727d93ac
i261s1	114776566530272	20	9024	9024	8077	2666	5410	10022e01b043141b676c63324faac681
i261s1	115876078158048	13	9024	9024	4390	1515	2875	6331b68d5c04bdd561677bd116998d70
i261s1	116975589785824	13	9024	9024	4365	1487	2878	07f5447ca75eb8a601a57212e9ce40ef
i261s1	118075101413600	23	9024	9024	4218	1469	2749	da5a8e00fc14f300a14bc9901a4d0b3c
i261s1	119174613041376	19	9024	9024	5983	1540	4442	ef005b84ab3dc3af937ae0a4bf0a01e6
i261s1	120274124669152	17	9024	9024	7590	2447	5142	82585e5fce675d1fa80982dca5474159
i261s1	121373636296928	14	9024	9024	7794	2353	5440	efa2418f5da610ab2ee2fa6aaad2e929
i261s1	122473147924704	11	9024	9024	7937	2538	5398	db4d2c88b7f6298223a667bb799691d9
i261s1	123572659552480	14	9024	9024	4821	1676	3145	66b049cf871d48d6def64944c947ffba
i261s1	124672171180256	18	9024	9024	7824	2375	5448	bc6fa530fc454ea44ee8eea99f6e06dd
i261s1	125771682808032	22	9024	9024	7751	2309	5441	0d179bffa54e0d23a9070731062d4b99
i261s1	126871194435808	14	9024	9024	4521	1495	3025	897014393e39fbe46a378c7461de56a7
i261s1	127970706063584	12	9024	9024	8032	2661	5371	1d48207d6716c3cc486f755141fb0888
i261s1	129070217691360	13	9024	9024	7276	2216	5059	8e6be7dd4ac1be721c6486c9fea3417f
i261s1	130169729319136	14	9024	9024	4573	1468	3105	9082f6d2313500e894c0a01db6c788cc
i261s1	131269240946912	15	9024	9024	4252	1479	2773	12587823c64f1028ca19bdcd41b9415d
i261s1	132368752574688	22	9024	9024	7948	2531	5417	f139a3ce2d2dcab4e233c5243d58075e
i261s1	133468264202464	15	9024	9024	7343	2227	5115	202650795f62f9644ac5e521e48fdd8a
i261s1	134567775830240	10	9024	9024	5600	2104	3496	3d055bca22003cd20a83a888df4a332a
i261s1	135667287458016	21	9024	9024	4789	1545	3243	5285a32570a743b693a66bd43baee354
i261s1	136766799085792	14	9024	9024	4449	1526	2922	b9109dd84b7db4f33f129931d2d28513
i261s1	137866310713568	13	9024	9024	7282	2249	5033	04371b58ca52daec9d873cbce09f1eba
i261s1	138965822341344	25	9024	9024	7813	2469	5344	6387c3d3f6172fa6b59092186f6715e6
i261s1	140065333969120	14	9024	9024	4338	1436	2901	0a165e13cc1d990f5c3e9ca4de320afc
i261s1	141164845596896	17	9024	9024	4285	1430	2855	d8df5c8c2fcd9bc94e99d839fd298535
i261s1	142264357224672	18	9024	9024	7776	2701	5074	2edca11244c4c7d15287cd79b0c440fe
i261s1	143363868852448	16	9024	9024	4259	1491	2767	64e5257fa2fad0fe936260bb2ee1e477
i261s1	144463380480224	18	9024	9024	7508	2371	5137	bceaafd42b6376f34778548d9e3edd4b
i261s1	145562892108000	14	9024	9024	7394	2249	5145	23388fd8fb59aed1c67df1191e6d62a1
i261s1	146662403735776	17	9024	9024	7776	2514	5262	8753efcddd89c491c225e099c543804e
i261s1	147761915363552	19	9024	9024	4640	1644	2995	f9d9a5be27861abdda5b201e955d5ab6
i261s1	148861426991328	11	9024	9024	4205	1512	2692	afa59d1d84fe01c0a4b4c3a0a1b32fd9
i261s1	149960938619104	18	9024	9024	4468	1586	2881	1479c5d032245b4550b06d871361eab6
i261s1	151060450246880	13	9024	9024	7951	2588	5363	759c8445013c117022c894892011482a
i261s1	152159961874656	21	9024	9024	8041	2672	5369	229c9ac765dd04badd129429bc9ccf7a
i261s1	153259473502432	24	9024	9024	4542	1456	3085	e23275a14ba5411aa8fccd81fb7f60ce
i261s1	154358985130208	15	9024	9024	8041	2691	5349	fc4eefb15c8ca156a9fc7851edb737ef
i261s1	155458496757984	16	9024	9024	5612	1482	4130	db1d186a6f85221d2c05d84222b73f58
i261s1	156558008385760	14	9024	9024	6317	1694	4622	ef36e79c0620af5322dbaeac52dae540
i261s1	157657520013536	13	9024	9024	5731	2066	3665	a2e57021f58cbb3970857c8fd83f88b4
i261s1	158757031641312	26	9024	9024	5288	1679	3608	e21eb7121b5e8996d8409908aff879dd
i261s1	159856543269088	13	9024	9024	4382	1548	2833	76a25cae7e91dea0296afc37a0bbdc7b
i261s1	160956054896864	17	9024	9024	7710	2386	5323	3cebe2da21285e84d7b9192d4af03110
i261s1	162055566524640	13	9024	9024	8391	2816	5574	6370f87dda483fb36324c47afb32bcef
i261s1	163155078152416	17	9024	9024	7083	2261	4821	3fc71e2e50bec91e775b7c5cd839813f
i261s1	164254589780192	11	9024	9024	4630	1474	3155	b642113930d7b4eabb3c109ea6af2928
i261s1	165354101407968	18	9024	9024	7335	2343	4992	a725e03aee3822f3346ca8823cf392c5
i261s1	166453613035744	18	9024	9024	8312	2728	5583	7a45b79c11f414a2759d04089e95153f
i261s1	167553124663520	20	9024	9024	4671	1578	3092	c6942ab518fe4fc104f8421e83dde823
i261s1	168652636291296	16	9024	9024	7952	2511	5441	0b60e840ef467f02ab47613d29a69197
i261s1	169752147919072	18	9024	9024	4610	1568	3041	db15fbcb3b54dd34c6399a934f7d0245
i261s1	170851659546848	10	9024	9024	7326	2291	5034	e3ebd82572ad3062d5c5ffd35a3e2179
i261s1	171951171174624	20	9024	9024	5127	2141	2985	31d5c80969769475935ab0e24a797f15
i262s0	62000008397025	21	9024	9024	7595	2722	4873	5cb68335dbf1add1a43f86d198d847c4
i262s0	62000008397026	19	9024	9024	7642	2503	5139	0ecb4048c5a48d83b1d1aa1edbfa0388
i262s0	62000008397027	16	9024	9024	7641	2547	5093	f90bf9a6d4f6bcdde275247d7399fcef
i262s0	62000008397028	21	9024	9024	4056	1400	2656	1a6ca10c7b25c6c4d89c6bbe6a561425
i262s0	62000008397029	21	9024	9024	5527	1737	3789	d1c297277614e2a341fc8cbe87be65a7
i262s0	62000008397030	20	9024	9024	7383	2162	5220	1687f8b44675247e4877a1684263902b
i262s0	62000008397031	18	9024	9024	8004	2548	5455	9ab67388a2dff381734778239b43adc2
i262s0	62000008397032	13	9024	9024	4332	1480	2851	e79af3da7befebd48a8e07f50079ebcb
i262s0	62000008397033	18	9024	9024	7579	2333	5246	3ad4bdf46088cb65fafd4ed4f5f4ef40
i262s0	62000008397034	9	9024	9024	4197	1440	2757	6709b65ccf4d681a123b62e05a61e899
i262s0	62000008397035	21	9024	9024	7476	2292	5184	a20f4ce77c68829c562c15943abb3826
i262s0	62000008397036	15	9024	9024	7872	2564	5308	279041e7b16490fcea3ff90a18b253c3
i262s0	62000008397037	11	9024	9024	6405	1828	4577	231fe9924e06e00e637cc78171d5c344
i262s0	62000008397038	18	9024	9024	7121	2263	4858	d63cfb1e31e47f1fea101ece15a04d9d
i262s0	62000008397039	16	9024	9024	6864	1590	5274	676b857c3b2d6d512a693e2f28c6f180
i262s0	62000008397040	16	9024	9024	8181	2538	5642	d9df7595ec44380972ab8be8f65f9af9
i262s0	62000008397041	18	9024	9024	7160	1902	5257	416fd5744cf50e8217fda8a6b1e0da7e
i262s0	62000008397042	14	9024	9024	6872	2026	4845	f86cd3a1a55b00c80e4c7dac84ae37a3
i262s0	62000008397043	17	9024	9024	5127	1852	3275	5f35e5567ab153e6b18e6388740bad9a
i262s0	62000008397044	10	9024	9024	9224	3036	6187	0b77462e0472b083c4264236a7705501
i262s0	62000008397045	19	9024	9024	7173	2671	4501	c97948e65d8718a10281739aec0c98ff
i262s0	62000008397046	16	9024	9024	4269	1463	2805	3b3eee9564d6925a22c0b450d69c8fc0
i262s0	62000008397047	15	9024	9024	8524	2216	6307	4dec1da2f8193b962ed6797469626449
i262s0	62000008397048	16	9024	9024	7273	2849	4423	6eec4d1ba1eca8524b230215748b9f2e
i262s0	62000008397049	17	9024	9024	7624	2331	5292	04d03f8bcaf398e19d6264cf8b0f3369
i262s0	62000008397050	17	9024	9024	7295	2628	4666	8fb3ef954ce9460dbe6549f8acab23da
i262s0	62000008397051	13	9024	9024	4100	1395	2704	105e75c9473920bf0f6121fdef04d099
i262s0	62000008397052	13	9024	9024	7064	2396	4667	d766ee18813912de6a60fcb74eec3cd9
i262s0	62000008397053	12	9024	9024	8524	2552	5971	e01f8b2b1328354d47fe010d38a97c7d
i262s0	62000008397054	15	9024	9024	5382	1562	3819	970bc9be3c61770dfa68a3662e84a293
i262s0	62000008397055	28	9024	9024	7217	2318	4899	5dcd68686f66fa8a5515407ea60d3ed0
i262s0	62000008397056	15	9024	9024	7251	2422	4828	544fb474dbe8a4e93422caabc6a2ce36
i262s0	62000008397057	14	9024	9024	6297	2014	4282	e9d436b08e48bdbf98275317ffd9a127
i262s0	62000008397058	12	9024	9024	5547	1806	3741	aadac0d6db7a7da84ec7330976e0b863
i262s0	62000008397059	17	9024	9024	8035	3185	4848	e6a93118d25274b7ddb7ec48d79e463a
i262s0	62000008397060	16	9024	9024	6794	1862	4932	a7f1ca363d38517ae3ab130f89ffbbe2
i262s0	62000008397061	17	9024	9024	7579	2602	4976	dc97a3c5cc07ffafff3ced43be93d507
i262s0	62000008397062	20	9024	9024	6206	2481	3725	04d316fd7a795a867d7b2f1ebda0675a
i262s0	62000008397063	16	9024	9024	6163	2047	4116	9f818752ebcb82a95db6ca35cbfde0b1
i262s0	62000008397064	21	9024	9024	4186	1420	2766	761047c6b582ee96f9c8a029d9330320
i262s0	62000008397065	17	9024	9024	6107	2010	4097	cd5669d071bbb36bc292ee9e72ab78af
i262s0	62000008397066	14	9024	9024	9789	2946	6842	06603cb436e67ae112397daf05560c62
i262s0	62000008397067	17	9024	9024	8822	2652	6169	7e1fdfeef87676df5858b7941a336b2b
i262s0	62000008397068	17	9024	9024	6738	1977	4760	7ccda4a42e05b171edc4dfdb86ad683d
i262s0	62000008397069	21	9024	9024	6703	1797	4905	7c5525646104d0844774b35a83639e7c
i262s0	62000008397070	14	9024	9024	7272	2235	5036	f6f4e9f95bcaf7a7ff520a1d5c348e5c
i262s0	62000008397071	16	9024	9024	8969	2471	6498	fda2bdb3677e202c0ca0c765aa884df8
i262s0	62000008397072	17	9024	9024	7514	1816	5697	48c2bd35f6c0e4dc560fe1f1945ff804
i262s0	62000008397073	12	9024	9024	7246	2688	4558	9c751a1f2677a9cb58d72f06c2183938
i262s0	62000008397074	19	9024	9024	7328	2305	5023	38c62092feaf70d503bffb2010b0fcd6
i262s0	62000008397075	13	9024	9024	7253	2502	4750	b716324cb84fa1183a4213d107b61e78
i262s0	62000008397076	12	9024	9024	6389	2155	4233	3e0b543c35237efe7f916536335dde5e
i262s0	62000008397077	14	9024	9024	6188	2019	4169	60816eedf399a27988af2d6c125f6fd5
i262s0	62000008397078	13	9024	9024	6697	2623	4074	85766c6aeffb2b039b6c2e4cebf8bb57
i262s0	62000008397079	18	9024	9024	7445	1809	5635	84ae6010bb96eded6b90b322b5cab2eb
i262s0	62000008397080	20	9024	9024	6746	1802	4943	1bfb665884bca841bd615e54e09b07a6
i262s0	62000008397081	19	9024	9024	5771	1905	3865	55a254df874f8ac3a96e64e85bcfa2b9
i262s0	62000008397082	15	9024	9024	6287	1976	4311	eca3dd2d63bcb16d749a4b6a0c229c65
i262s0	62000008397083	13	9024	9024	6667	2368	4298	365423dc0752f3e7654728b77a6c4a7a
i262s0	62000008397084	16	9024	9024	8092	3419	4672	3fbe9211ce9112b1f4199c4e5984db0c
i262s0	62000008397085	14	9024	9024	9262	2330	6932	236d61f41ada8aeef1796ecffa3b23f4
i262s0	62000008397086	16	9024	9024	8286	2377	5909	8a2ea2f532fd69b25b7ec20f14430d7d
i262s0	62000008397087	23	9024	9024	8131	2403	5728	219a352f8bf60b1a8082b22858f7ffb9
i262s0	62000008397088	19	9024	9024	7044	2755	4288	5f595351c0635159ecb722882c0a0a3b
i262s0	62000008397089	13	9024	9024	6926	2122	4803	0bc9a17014c047871ba628b8ce7cb977
i262s0	62000008397090	19	9024	9024	7170	2316	4853	873850c7ccba180a65632784529ff9ae
i262s0	62000008397091	20	9024	9024	7614	2176	5438	f123c7b3e8a7222467a766c7bf4c031d
i262s0	62000008397092	19	9024	9024	6388	2023	4364	9c4a1a6416a6a5c6cb38803d07a1c601
i262s0	62000008397093	9	9024	9024	6604	2073	4530	bb32b08353a14ab0382d9f359952ce7e
i262s0	62000008397094	17	9024	9024	7999	2340	5659	12eda0bba0958a0a0c93650ce484876e
i262s0	62000008397095	24	9024	9024	6368	1653	4714	a1e97056749324592ada8ac4049d123b
i262s0	62000008397096	18	9024	9024	9085	2831	6253	cdbbc9ec7024bbdfd588e01e6c93b057
i262s0	62000008397097	19	9024	9024	6352	2149	4202	e915baf07690ce697d2506567ab5d78b
i262s0	62000008397098	15	9024	9024	8714	2332	6381	ed401e885cec982deef3d3dd287c22b0
i262s0	62000008397099	20	9024	9024	8010	2894	5115	768a204c5cc19aa8ec1acf565f9af5e9
i262s0	62000008397100	12	9024	9024	6826	1631	5194	58a6dc7f8bfa2b2ee47a3a87eea1baed
i262s0	62000008397101	10	9024	9024	8805	3212	5592	8ab1ccdd4ead4c980d22dc775ebfe674
i262s0	62000008397102	10	9024	9024	7827	2497	5330	30980fddf8381a0a3ebf6ca15daa59ef
i262s0	62000008397103	14	9024	9024	7441	2061	5380	7dabfd2e81b762ff52ee0213be1453da
i262s0	62000008397104	17	9024	9024	7426	2572	4853	8ea54e23913e09cea022e65285fda590
i262s0	62000008397105	18	9024	9024	8017	2985	5032	bab932c6acb82ef8d78d9851df4fb0d5
i262s0	62000008397106	26	9024	9024	8354	2569	5784	0be53cae87139bf804e059e91f7562f6
i262s0	62000008397107	22	9024	9024	7307	2365	4941	97933905be20a8dfbd0168a1cd0efd55
i262s0	62000008397108	13	9024	9024	7467	2669	4798	4f75cc443de82711d369e1f46ac99b33
i262s0	62000008397109	17	9024	9024	8468	3359	5108	276b3b01ba9af790f76b8384c7ef8f73
i262s0	62000008397110	13	9024	9024	8809	3871	4937	5e1d1a608746e8399e441050441ca380
i262s0	62000008397111	11	9024	9024	6694	2217	4477	7fac665d173b67d9b3e8ae481fae0e50
i262s0	62000008397112	14	9024	9024	10264	3152	7112	07b762978ae3e64cf14761925b8b0104
i262s0	62000008397113	15	9024	9024	7231	2412	4818	6de32aee62f237cbe72a375168c10e0e
i262s0	62000008397114	18	9024	9024	9863	3620	6242	224a0fe1450ff7c747380d23e563618f
i262s0	62000008397115	14	9024	9024	7842	2635	5207	57cd85d0455e2949b3a5e7810639867d
i262s0	62000008397116	11	9024	9024	7820	2188	5632	2e6d604acf1162251aa3a6288134a9cd
i262s0	62000008397117	14	9024	9024	8823	3144	5678	0dc44935552e1a4d444ee38a187c06a3
i262s0	62000008397118	19	9024	9024	7896	2543	5352	15202bf6dacf9d5207dc68d31a71970a
i262s0	62000008397119	15	9024	9024	8489	2748	5740	b1b8cb08705d5b765795dcd0f87c21c4
i262s0	62000008397120	16	9024	9024	6851	2135	4716	19afae1726769b6ad746f93d1dfa185e
i262s0	62000008397121	18	9024	9024	7233	2499	4734	8cd2c0e45a791a0bf92c59afcb0a0949
i262s0	62000008397122	14	9024	9024	7390	2414	4975	bf3dedad1f321ce82387fdb22d707d08
i262s0	62000008397123	18	9024	9024	6903	1951	4951	8196dd5c8db1f6c22def4ae4b6b6c5b5
i262s0	62137447350497	19	9024	9024	7205	2437	4767	20ed346110689bf585e9b285e5529da9
i262s0	62274886303969	15	9024	9024	7293	2251	5042	946df90b8a9eebcab60b721b84c04eb3
i262s0	62412325257441	12	9024	9024	5568	1787	3780	8116bcaa5491c4a9d9a558c722059068
i262s0	62549764210913	19	9024	9024	5860	1784	4076	e8040b89bd9ef4b6826c35cb088c8ce9
i262s0	62687203164385	19	9024	9024	8259	2579	5680	3df3a6fa6f6c6a8d729dde424fa9fbf5
i262s0	62824642117857	12	9024	9024	6493	1884	4608	553980e8df87a6d9bd4d41aa21722cbc
i262s0	62962081071329	15	9024	9024	7544	3031	4513	944c3b2fa529c3e5033b8be03d788a51
i262s0	63099520024800	19	9024	9024	7455	2563	4892	367fbead08b103851c4183a69a4e528d
i262s0	63099520024801	15	9024	9024	7687	2382	5304	66bd5f4b6b9fda0bbadada1c2d60bfa4
i262s0	63236958978273	11	9024	9024	8840	3123	5716	74ec39ae31011402f1716c236f7f22ac
i262s0	63374397931745	12	9024	9024	6870	2146	4723	61e04733e0d08df75ea2bee23c8b2e44
i262s0	63511836885217	22	9024	9024	7459	2252	5206	2c9562e44e193a3538091116933e31ad
i262s0	63649275838689	18	9024	9024	7642	2308	5334	ca9fda27779523b2fd1b071efdbfe5a3
i262s0	63786714792161	16	9024	9024	8121	3243	4877	916395c975e795171f9778bfb378722d
i262s0	63924153745633	21	9024	9024	9039	2031	7007	24a777df2b9c53411c0b17e1724ee5af
i262s0	64061592699105	18	9024	9024	8224	2578	5646	1bb3b3181883821ddf3b6d3bd75a899e
i262s0	64199031652576	15	9024	9024	8010	2764	5245	98759d1d1e78a0e956ecc5c4fa3f632d
i262s0	64199031652577	9	9024	9024	7241	2004	5237	bcc0177bc3b3d120eaabba38b5e5c62b
i262s0	64336470606049	20	9024	9024	7586	2318	5268	573ef9ae824abeef666df82045ac00dc
i262s0	64473909559521	14	9024	9024	8647	3472	5175	b3a748463b118335313afba39f54963a
i262s0	64611348512993	12	9024	9024	6768	2099	4668	dfd672eea40ff6b120f8cdb43cddbf41
i262s0	64748787466465	13	9024	9024	9547	3204	6343	04eaee1fec28c364afba5da7b7cf3301
i262s0	64886226419937	13	9024	9024	8652	2660	5991	560cb73765cb0f9e666a1d83a45080a5
i262s0	65023665373409	15	9024	9024	7950	2311	5639	9320706a584b10da6cc668d2d6d38fcc
i262s0	65161104326881	14	9024	9024	8010	2152	5858	c3315f12c97c3dd5e8a1e0410c363455
i262s0	65298543280352	19	9024	9024	7185	2718	4466	567b162dcd764687dccb3bcb4d0f13d1
i262s0	65298543280353	21	9024	9024	8640	2586	6054	82fa457fb043591cb9baf4e99ed2a3a3
i262s0	65435982233825	21	9024	9024	6908	2774	4133	75d71cf0a8aaf2d77221f7114f34d13e
i262s0	65573421187297	14	9024	9024	5923	1762	4160	79a615dc96b46da06f75f4a600e5630b
i262s0	65710860140769	20	9024	9024	7914	2963	4951	03e698eaa70dd247ab2f851142f6370f
i262s0	65848299094241	13	9024	9024	6326	1974	4351	cfa7975e5aef7583c7cff5df25df6d52
i262s0	65985738047713	15	9024	9024	8791	3385	5406	f011acb25eef8605a108fdb95c03812a
i262s0	66123177001185	15	9024	9024	7144	2471	4672	5cc1b539e6d5c7fd2dc28656a798e0cc
i262s0	66260615954657	10	9024	9024	9027	2802	6224	db06f4f5ea5eb70e46ea4c4dadf4fa1d
i262s0	66398054908128	11	9024	9024	6570	1843	4726	a71268f1709ec546b32f649dd93451d3
i262s0	66398054908129	17	9024	9024	9457	2719	6738	0a10c47e8ab57c98a21bee4fd1415f0f
i262s0	66535493861601	20	9024	9024	8437	3216	5221	fdb28b158768af807169cfdcf146e23e
i262s0	66672932815073	14	9024	9024	6833	2762	4070	9e623f7a10a9ffb7e5f752f1d78c175b
i262s0	66810371768545	18	9024	9024	8659	3193	5465	ce895be8e9a92a6b76ef8677192ace49
i262s0	66947810722017	12	9024	9024	7661	1700	5960	762ad51e671517b441207d1b5147eb29
i262s0	67085249675489	18	9024	9024	9367	2873	6494	0baee48bb0800c2511cbb4fe80343589
i262s0	67222688628961	17	9024	9024	7105	1866	5238	7f4b33338e2ad55e20803cb2e4209377
i262s0	67360127582433	11	9024	9024	7351	1851	5499	c383794b0eb722ac572cf21f421d8537
i262s0	67497566535904	13	9024	9024	9509	3310	6198	032b06ffb4a410e7307339017ddbaf5d
i262s0	67497566535905	9	9024	9024	7292	1922	5370	c644cd034a86ff4a14abb3491b7dbc85
i262s0	67635005489377	19	9024	9024	7920	2841	5079	58fb619bf22741c98c9bc5c8bf4485b2
i262s0	67772444442849	17	9024	9024	8304	3524	4779	15ffd643350c06404fb8ee382a9d30c4
i262s0	67909883396321	13	9024	9024	6056	1957	4098	6bc1941069c2694c619aea8f9068d77d
i262s0	68047322349793	17	9024	9024	5962	1696	4265	9306022282dac0224eddc8ed70fe8336
i262s0	68184761303265	10	9024	9024	8078	2305	5772	6e686a3fb3602095fa3d36cd311c8fd3
i262s0	68322200256737	16	9024	9024	8357	2881	5476	4d9a4952571a8d23b7fdfd836ab300b3
i262s0	68459639210209	20	9024	9024	8395	2971	5424	0f5c36601af878bf1127403e3e01c115
i262s0	68597078163680	12	9024	9024	7049	2493	4556	1a76f25d1b7b3178107ec4e674a40d52
i262s0	68597078163681	12	9024	9024	7307	2408	4899	17248297b975448ca11fa3cfe93317e1
i262s0	68734517117153	20	9024	9024	8506	2965	5540	795bb2dd004ab48e154e99a53486b53c
i262s0	68871956070625	10	9024	9024	7984	2138	5845	2a1f9d33807ae83108d465f88528e0e8
i262s0	69009395024097	21	9024	9024	7502	2341	5161	7a40523418c86d97be6a4153dfc60ef3
i262s0	69146833977569	12	9024	9024	7241	2361	4879	6d0742a16bbf170a4c53220a82d2ad0a
i262s0	69284272931041	18	9024	9024	7310	2347	4962	cc12fc3d9b8c9fbd0d9e2a2bb235a450
i262s0	69421711884513	19	9024	9024	6825	2438	4387	f82b3b40463a6ab053470acbec44f10f
i262s0	69559150837985	15	9024	9024	9740	3074	6665	c0d1e2d3505416694e6cb9f540d1453b
i262s0	69696589791456	22	9024	9024	6861	1931	4929	2f0a10c9dc770576988796ba4c7cecc2
i262s0	69696589791457	18	9024	9024	9060	2437	6623	9c2495189b94b067f2bdebdfc3499889
i262s0	69834028744929	13	9024	9024	6508	2193	4314	77c88b78f49e081e30e33b0b651140cd
i262s0	69971467698401	8	9024	9024	9091	3335	5755	c1a8593220adbd96e680222fd3c5c8d1
i262s0	70108906651873	15	9024	9024	9169	4086	5082	9f8fecd91b66096b356208d35689206b
i262s0	70246345605345	18	9024	9024	8065	2883	5181	f3774a7d4261183ac84d511953d5054f
i262s0	70383784558817	16	9024	9024	8601	3243	5358	703e2c06df38a9de1a811848e88d733f
i262s0	70521223512289	10	9024	9024	8102	2768	5334	1c2f54ea65a9a491b16c160d9143cdf3
i262s0	70658662465761	12	9024	9024	8196	3155	5041	1b6570c09a187b9d4391100fae83d7ef
i262s0	70796101419232	20	9024	9024	8108	2117	5991	3a491b7d3895d5036e7c9a46bf083361
i262s0	70796101419233	18	9024	9024	6839	2381	4458	1782e7ef5b66ccc58a4acf22ff1def9a
i262s0	70933540372705	13	9024	9024	7588	2670	4917	a42032dd6727101f02c84a8f7d3e9212
i262s0	71070979326177	25	9024	9024	7709	2647	5062	08dfea2b6ce48a2d5ad871206a24ab5a
i262s0	71208418279649	16	9024	9024	8755	2668	6086	3a8aefca48c59c525133aef415298b6e
i262s0	71345857233121	23	9024	9024	6574	1825	4749	63e968e2097b9bb9540e1bf957df5b78
i262s0	71483296186593	17	9024	9024	6560	2058	4501	d99f3e689d10395ad3d20b54cdcda46e
i262s0	71620735140065	19	9024	9024	8001	2509	5492	180053f68975126f68fcb2cac6345144
i262s0	71758174093537	15	9024	9024	8526	2994	5532	a0b8b5e2aefc5733d4a1ef26bd60a47b
i262s0	71895613047008	7	9024	9024	8669	2582	6087	a8a0bc2ace1ca9bbf3c6b23043384dae
i262s0	71895613047009	22	9024	9024	6156	1772	4384	3b03e49037c7fdf254d49ce057a0eae9
i262s0	72033052000481	13	9024	9024	8259	2602	5656	2be6accd0ead12557eee03f51e2853f4
i262s0	72170490953953	13	9024	9024	5251	1647	3603	2ae7af0a5a9049bf3843247cdb3f5d09
i262s0	72307929907425	16	9024	9024	7666	2541	5124	bdc53385fcd9a428b12b1d1d8715bc8a
i262s0	72445368860897	16	9024	9024	8065	2525	5539	ccd56cf0768f8caad0624fe0d8644870
i262s0	72582807814369	13	9024	9024	8509	2658	5851	5134a424cdef2ecf9dc7cd6374f5b149
i262s0	72720246767841	15	9024	9024	6749	2172	4576	1c885f7124910bd53aff1c21759a25fa
i262s0	72857685721313	14	9024	9024	5301	1673	3627	07ff416a43c6f72f8682e2ba864d7642
i262s0	72995124674784	20	9024	9024	6843	2654	4188	1258bcdbdc115ccc6a8ed3fed2485ddb
i262s0	72995124674785	25	9024	9024	8071	1923	6147	917f5b3162fdd546bc659084f49a2a74
i262s0	73132563628257	14	9024	9024	9352	2488	6863	304e2df14c90f58c555acb486e36b2c1
i262s0	73270002581729	16	9024	9024	6435	1933	4501	5788bf0ea4d8757a08824aac486cac52
i262s0	73407441535201	17	9024	9024	6681	1812	4869	b1df9f45b60765ee97bf4f47b8b10d97
i262s0	73544880488673	12	9024	9024	5234	1595	3639	9e4322275109b9b07ac4d7c0a22b4f8a
i262s0	73682319442145	14	9024	9024	8535	3291	5244	de6d4f78fc5c72e99e908cb095629ef9
i262s0	73819758395617	12	9024	9024	7936	2983	4953	e43e3cfb82054e33f0c3fd42eb07e900
i262s0	73957197349089	9	9024	9024	7906	2209	5696	eccb482751bfa43d4bcc85905ce284bf
i262s0	74094636302560	18	9024	9024	6098	1744	4354	fa7b446d19d3325249776eb01a3ac9b4
i262s0	74094636302561	17	9024	9024	8834	2948	5886	20d2b261e409b5006b562739028c94df
i262s0	74232075256033	17	9024	9024	6033	1629	4404	a71fd9c8e78bcc5ac9729445aeaf702f
i262s0	74369514209505	10	9024	9024	7215	2456	4759	f1ab93f3d7695d7d781bcab760295f5b
i262s0	74506953162977	16	9024	9024	10351	3436	6914	5bd2ea576acb7955be2a5309a4d442e8
i262s0	74644392116449	11	9024	9024	7888	2680	5208	3c2c5a04f61a0aa4d13b88364f2432ad
i262s0	74781831069921	13	9024	9024	5841	1739	4099	2acc8dec9c1f7635966f0e1de93be9f3
i262s0	74919270023393	19	9024	9024	7458	2377	5080	d0eb94e45b0a022ceb6247ffdaf40ca7
i262s0	75056708976865	21	9024	9024	5937	2040	3897	6156036ef5dc5b2efce010fab7e1b001
i262s0	75194147930336	16	9024	9024	7496	2343	5152	4c6d3f6b35150c582a1f464dd7cade4e
i262s0	75194147930337	17	9024	9024	5647	1686	3960	dfcb9c59a546d966156b0e0f92c90f9f
i262s0	75331586883809	13	9024	9024	8693	3102	5590	4491c5fc902ac779c287b2868a335b42
i262s0	75469025837281	18	9024	9024	7885	2705	5180	07b941137422cc9eaff21f58a9bc80fb
i262s0	75606464790753	18	9024	9024	6050	1623	4426	00bbd5d51fd5d7895b0d3409835b9cd7
i262s0	75743903744225	19	9024	9024	6972	1672	5300	d3846c9191c9a30563c6f230c3808687
i262s0	75881342697697	12	9024	9024	9086	2686	6400	2804f1ea814a7d7912291060b2b8758e
i262s0	76018781651169	14	9024	9024	6585	1880	4704	a1be10afd83433c2e8965de1bfc45892
i262s0	76156220604641	13	9024	9024	6905	2959	3946	5be3cf8d54a62964dff1c3838aef23f2
i262s0	76293659558112	17	9024	9024	7990	3097	4892	76eb1a9431170ce5ec8a67113ef1dad5
i262s0	76293659558113	10	9024	9024	7119	1906	5212	39fec86d8f414d80d4eace783ccde902
i262s0	76431098511585	8	9024	9024	7589	2644	4945	fba8f6e409987fee9d263d01e1bff7fe
i262s0	76568537465057	11	9024	9024	6033	1670	4363	e0b7c6d4fbe60be06d2f71fb06860270
i262s0	76705976418529	15	9024	9024	8919	3124	5794	6b2a2f5be4a8b6ab927448f1a13941d0
i262s0	76843415372001	15	9024	9024	7382	2538	4843	4ff4914f012b85c07b415592cc92dfa1
i262s0	76980854325473	18	9024	9024	5348	1618	3730	1dfd2b860bc8bee1c84cc2c06c4feb22
i262s0	77118293278945	12	9024	9024	10201	3075	7126	aaff44dd8a91011c4fb72c63b91e5ff4
i262s0	77255732232417	12	9024	9024	7008	2317	4690	c8f9852d4dd0a64bc73c7bdb5d8e4cf1
i262s0	77393171185888	16	9024	9024	7683	2386	5296	af193a9d981d942202c5c172401fcf94
i262s0	77393171185889	11	9024	9024	7291	2227	5063	3497d70d754e616412a1d353537a1c51
i262s0	77530610139361	10	9024	9024	6299	1799	4500	7508339e2b01ef4b0cc427f0f49b0798
i262s0	77668049092833	15	9024	9024	7715	2300	5415	270ad7de09e1b536127d414845241b56
i262s0	77805488046305	14	9024	9024	7441	2269	5171	1ff99d38d8cf525b0401ca0daa02d76a
i262s0	77942926999777	21	9024	9024	7949	2326	5622	15255815a4b600ab73ad1f4a471ac791
i262s0	78080365953249	19	9024	9024	9445	2956	6489	c015061265664125edba619b5365dcf7
i262s0	78217804906721	19	9024	9024	8439	2906	5533	9f279a633c0304dd2eefbcb40315668a
i262s0	78355243860193	16	9024	9024	7790	2513	5277	d08e324a16c9c5c2ab35813b26be346a
i262s0	78492682813664	18	9024	9024	7020	1833	5186	f2fa7ffe382e3967df71a024d4cde117
i262s0	78492682813665	19	9024	9024	7506	2296	5210	b86ce1d22ada0fa3e1e9ebe3a0043ee2
i262s0	78630121767137	14	9024	9024	5493	1907	3585	87bd23f6ce9888db08129279c36b8e9d
i262s0	78767560720609	13	9024	9024	6665	2397	4267	ed46dd14ba163103b7f75cc3df59af5d
i262s0	78904999674081	17	9024	9024	7265	2398	4866	8e576fe4d4b5deb8ca6e5406553add35
i262s0	79042438627553	16	9024	9024	6205	2218	3986	9f4a3573f11d31995d79fb0c72e0afd0
i262s0	79179877581025	14	9024	9024	8408	2221	6187	74dac8cccc8e2e32c800439b20b9d8b6
i262s0	79317316534497	17	9024	9024	5651	1842	3808	0a1a11dda746beb17b8b2b67e01f1cf6
i262s0	79454755487969	18	9024	9024	8116	2246	5869	200db9b0502cfadd1fd882a4ee5ecfcf
i262s0	79592194441440	14	9024	9024	7943	2889	5053	378c362e97782469e068b9109c43bb05
i262s0	79592194441441	15	9024	9024	7393	3021	4372	b60b0d0b4b2645ceca76630cae132eaa
i262s0	79729633394913	20	9024	9024	8658	2437	6221	891d4f2469555e8b7851f0e3e8a6523a
i262s0	79867072348385	18	9024	9024	7838	1997	5840	035b015ce0aff8b0e5db2525be5491fa
i262s0	80004511301857	23	9024	9024	5355	1668	3686	766b9cde26ce729c80a05a6a810e5e26
i262s0	80141950255329	20	9024	9024	5691	2092	3599	228454ff813fcbc8978e5e52df3a2bfd
i262s0	80279389208801	16	9024	9024	7430	2151	5278	f3e9f9f4f30d12a39acae5686020d8bb
i262s0	80416828162273	14	9024	9024	6800	1725	5075	b979d4870673b840a53b5d0acd0039aa
i262s0	80554267115745	17	9024	9024	8599	2979	5619	a14f88748d9f13a3425ece7003adfe0a
i262s0	80691706069216	16	9024	9024	7571	2161	5410	0870d7ae1a6deedc7155c6d217e196a7
i262s0	80691706069217	11	9024	9024	5997	2406	3591	8e967cf2d25862c52f22d04faf717cdb
i262s0	80829145022689	12	9024	9024	7773	2528	5244	f02b95341d95e93cd1502f5d5209191f
i262s0	80966583976161	20	9024	9024	6506	2046	4460	38fc11180209cc0e6ba7d53dad86677e
i262s0	81104022929633	13	9024	9024	6951	2501	4449	f1e4706f37c0b658f390fb37e1dcc3da
i262s0	81241461883105	20	9024	9024	7221	2609	4611	66571f36b6a25e57db27a9408630f4dc
i262s0	81378900836577	4	9024	9024	5943	2008	3934	bf0b26a040189e85b1cdb22e4e2af9f7
i262s0	81516339790049	10	9024	9024	6243	2116	4126	a3ff3eebf133236ef26f0dd173aaea2d
i262s0	81653778743521	16	9024	9024	6338	2452	3886	ca8485620123e9e2932876fef87ab92e
i262s0	81791217696992	18	9024	9024	7802	2449	5353	6a6a7130831763a33c86d3b240f887c1
i262s0	81791217696993	22	9024	9024	7481	2726	4755	b4ed3b46d4420cbf07565f5cd408224b
i262s0	81928656650465	11	9024	9024	8336	2485	5850	0a1ce51803943d17f06420ae7c24bae4
i262s0	82066095603937	21	9024	9024	6292	1710	4582	7d7577de460ef4023f1b74a4ad5bc20f
i262s0	82203534557409	19	9024	9024	8293	2770	5522	27a0ee29d815719e9b90eda536c85021
i262s0	82340973510881	10	9024	9024	9691	2573	7117	1dcc8960db1bf06ae68ac3e6e44691f3
i262s0	82478412464353	17	9024	9024	5971	1908	4063	f19f3a50fb1869fba7c9e4e0c7e58d98
i262s0	82615851417825	17	9024	9024	6920	2651	4268	e8c319a29a8ddfeddcca38c53d47a3d2
i262s0	82753290371297	14	9024	9024	6340	1593	4746	24c8201baf8babaedae28f4187712ca2
i262s0	82890729324768	13	9024	9024	6695	1748	4946	3c7da7d94e80f2cdf3246b188e661726
i262s0	82890729324769	10	9024	9024	6101	1699	4401	985cabc9eddc8f1144358f44f6f1509f
i262s0	83028168278241	16	9024	9024	6496	2068	4427	dd11ae463639d9679859d9ec801d915f
i262s0	83165607231713	15	9024	9024	7962	2470	5491	7b9e9c6a619f80abcf4f18a1d032c3b0
i262s0	83303046185185	12	9024	9024	7241	2278	4963	0b85c251689ddb88fea7a1a6cd82ffdf
i262s0	83440485138657	24	9024	9024	8223	2251	5971	50bac1150af15228e37b8e007bb10a03
i262s0	83577924092129	12	9024	9024	8277	2865	5412	19e3551aa3d634e5e97e81f64f6d4397
i262s0	83715363045601	9	9024	9024	7281	2257	5023	571ba4e3235365e40b392c70a89b5400
i262s0	83852801999073	18	9024	9024	5798	1744	4053	628b40be479ead1972c8bcedf53807f6
i262s0	83990240952544	9	9024	9024	6719	2454	4265	ee2698d849e7b27726a2a263140afab9
i262s0	83990240952545	14	9024	9024	6284	2067	4217	bdc1e62b58229b36b2d0edeb0c10efc9
i262s0	84127679906017	13	9024	9024	8517	2662	5854	f452fc9872c33b9fe925bf8552c94dd8
i262s0	84265118859489	21	9024	9024	7721	2518	5202	ffa0c41ae5e36dc43efbb2ac40fa7ac3
i262s0	84402557812961	17	9024	9024	6713	2412	4301	bdb663a1ac7df60864f8ee3b2af8292c
i262s0	84539996766433	12	9024	9024	6539	1961	4578	3a8d8e231f8a0a5f99bc0858a29474ac
i262s0	84677435719905	12	9024	9024	6394	1795	4598	5e59960892add2e79c6178072748a85b
i262s0	84814874673377	16	9024	9024	8213	3424	4789	a51d8b3f2b4c4dc1ad1b58a51f6c4068
i262s0	84952313626849	14	9024	9024	6823	1997	4825	99c6fb60d7c1a49b12020ccefe330e24
i262s0	85089752580320	15	9024	9024	8009	2618	5390	fba394ce5c68790c8c29bd7f52855a67
i262s0	85089752580321	16	9024	9024	6875	2167	4707	7f4d70e16d7cf9c9fe3b6237d494f648
i262s0	85227191533793	13	9024	9024	7246	2001	5245	c3df86bd23ce643df3db996ac9fdda5d
i262s0	85364630487265	13	9024	9024	7558	2453	5104	d97f6e7c450004e79f8b9b58a5a362a7
i262s0	85502069440737	13	9024	9024	8018	2562	5456	d11b1ca16fd4278f092cad3baa9abcb6
i262s0	85639508394209	9	9024	9024	7556	2311	5244	f5b0c95fa44036a230225196e6122a20
i262s0	85776947347681	18	9024	9024	5503	1635	3867	32a03ce9c9d3c4c5346c10170131a346
i262s0	85914386301153	16	9024	9024	6356	2076	4279	86df278f1b59dbc8d43fd1b090b05e69
i262s0	86051825254625	14	9024	9024	6829	2059	4770	7cfb8380c3676304ff6b7d734f7bda9d
i262s0	86189264208096	10	9024	9024	5788	1757	4031	d31320052c94bf3d3811eb9b1ee7a0ed
i262s0	86189264208097	20	9024	9024	6785	2315	4470	422573d3eaa25b98098f4c5ddeda405e
i262s0	86326703161569	12	9024	9024	6243	2140	4102	c9d5f6d2cd185d651a9a354b2d0dc85a
i262s0	86464142115041	13	9024	9024	6853	2171	4681	256588ce6851a6137a30b28f423cbc1d
i262s0	86601581068513	12	9024	9024	7189	2348	4840	51d54f7517d374a6de937e8de101c4eb
i262s0	86739020021985	18	9024	9024	7446	2450	4996	397af2734c0e97442afb75b68580e701
i262s0	86876458975457	23	9024	9024	7995	2944	5050	9cd7ed31b28311117d2ca8c5c541ad81
i262s0	87013897928929	17	9024	9024	6609	1996	4612	91afe9013542f6df8cbd7e2621ae3c9d
i262s0	87151336882401	12	9024	9024	6954	1758	5195	9036b6456508c01b673404893dded58f
i262s0	87288775835872	13	9024	9024	7877	1719	6157	a37627d570d2114dbff57d5cb1156b2e
i262s0	87288775835873	17	9024	9024	6334	2495	3839	6b7486c780b0b35e9875f159c1cefa3a
i262s0	87426214789345	20	9024	9024	6736	1582	5154	4412b35a35f7e75e3086181e43b1fecd
i262s0	87563653742817	17	9024	9024	6594	2154	4440	fd12d91681787f44c4d4f441f26f6b61
i262s0	87701092696289	16	9024	9024	6105	2080	4025	5442700de0c199a35392827bb196a370
i262s0	87838531649761	8	9024	9024	7709	3033	4676	6dd11690752c3e1bffe3b9f894cfccd8
i262s0	87975970603233	15	9024	9024	8115	3475	4639	58e5afec1f1c779a5f725d67be796bda
i262s0	88113409556705	17	9024	9024	7488	2695	4793	21f1b5e801688d6036c8f5e952bf7a96
i262s0	88250848510177	22	9024	9024	6952	2178	4774	8aa64707b4a6156079182586a8040c3e
i262s0	88388287463648	13	9024	9024	7387	2356	5031	ed2c8143a1872974e273d6c67c6c44df
i262s0	88388287463649	18	9024	9024	5853	1702	4150	884027654d87d53abd7b5361e904fdd1
i262s0	88525726417121	15	9024	9024	5220	1921	3299	40e61de039804390b652ffd5c87d460b
i262s0	88663165370593	16	9024	9024	5253	1782	3471	4720a01b454e0f0c30e26fcf5c64ad45
i262s0	88800604324065	9	9024	9024	6805	2270	4534	4afbe2c7df7f169db81e444429a363fd
i262s0	88938043277537	18	9024	9024	6207	2335	3871	293dae6cb9b96088028508c45a7832a4
i262s0	89075482231009	17	9024	9024	6278	1558	4720	0671934762719dfab7ddfb2a24525e25
i262s0	89212921184481	15	9024	9024	6525	2295	4229	4f93849958ccc93b4901e8f5fc710e65
i262s0	89350360137953	15	9024	9024	6780	2574	4206	3f643b58452e4ae1917cf371ed1a1e1f
i262s0	89487799091424	16	9024	9024	6458	2523	3934	6a6bd73e47f024e005a715f865aca919
i262s0	89487799091425	13	9024	9024	6697	1882	4815	8455144cdaf5a42d1e6b23f82c4e65ff
i262s0	89625238044897	10	9024	9024	6450	1836	4613	d108ff445cdf40245c1adc7978f2f497
i262s0	90587310719200	14	9024	9024	6847	1790	5056	f763e6cb0a6771a0e88e03a9b07c1436
i262s0	91686822346976	14	9024	9024	8145	2687	5458	ba68c51db6ef7f3fa2307cd4a54bad2d
i262s0	92786333974752	18	9024	9024	6926	2454	4472	49dff81253a29ba9e090f54026d81c8f
i262s0	93885845602528	16	9024	9024	7654	2205	5448	534ee16a568a9e06a38f2a8bd16c54b8
i262s0	94985357230304	15	9024	9024	6429	1812	4616	cb347a766f24d08f7896116afe2ea930
i262s0	96084868858080	13	9024	9024	7847	2970	4877	46b74e408ea2fecc11390293e99646f5
i262s0	97184380485856	15	9024	9024	6816	1859	4957	b22479a9c53ea1f06564c7ba708a5050
i262s0	98283892113632	18	9024	9024	7066	1877	5189	3420339ef6040cf85aca7c16e6df149d
i262s0	99383403741408	16	9024	9024	9407	2904	6502	6d126e3c9db1bb50555986febc515893
i262s0	100482915369184	18	9024	9024	8812	2210	6602	02786a5ee265b067d2f8e4bd2ef59efd
i262s0	101582426996960	18	9024	9024	7806	2454	5352	aa902e34a605877eca6680e26417b474
i262s0	102681938624736	16	9024	9024	6472	1929	4542	701af086e7a2d68863f4e8f73df5fee3
i262s0	103781450252512	16	9024	9024	6261	2016	4244	04816dcef80c2782b5e491677d817bb4
i262s0	104880961880288	14	9024	9024	6806	2265	4541	e172d76acb783178f86adc830831b1da
i262s0	105980473508064	8	9024	9024	7210	2248	4961	2d93fc8ce618b3af17396b5990a08e04
i262s0	107079985135840	13	9024	9024	8077	2993	5084	b52adb8c0fecf627549fe8ef67fb8fbe
i262s0	108179496763616	19	9024	9024	5995	1824	4171	87b8f9b192b1546bd1928138e34de30f
i262s0	109279008391392	18	9024	9024	7540	2436	5103	e9329db8657b7650b921636ab1fe15b7
i262s0	110378520019168	13	9024	9024	7596	2450	5145	6f823fcb1d609e55d7c0678d314a3e9c
i262s0	111478031646944	12	9024	9024	8103	2880	5222	1ca46222c7070d210a796cb72c702e35
i262s0	112577543274720	19	9024	9024	7043	2240	4803	db47ffacc97f8d09b633c12e029f5edb
i262s0	113677054902496	17	9024	9024	7240	2289	4951	d35c87d12496a76d39b7fd2489cb6ee0
i262s0	114776566530272	18	9024	9024	6877	2833	4044	bd8addf7242f0b4389c1a61e1719fc31
i262s0	115876078158048	21	9024	9024	7590	2516	5073	bec1d852ae1ca6833763b2917f9ba3e8
i262s0	116975589785824	15	9024	9024	7900	3345	4554	36a65685809357dca566fb434838a397
i262s0	118075101413600	19	9024	9024	6662	1808	4854	87eb54e90a88e2617f10e52be3c6a033
i262s0	119174613041376	9	9024	9024	7231	2194	5036	8eacc7320d3018fe9121adb8b9bf1ee5
i262s0	120274124669152	26	9024	9024	8378	2596	5782	55edc127482b05cfb736ea8b6b7bcc30
i262s0	121373636296928	19	9024	9024	8023	2536	5486	a8822a811e2b1dcd8f174f9a690b4ffd
i262s0	122473147924704	20	9024	9024	7741	2695	5046	a5e3270869aaa6ebe97db5a5e07f474d
i262s0	123572659552480	18	9024	9024	6798	2296	4502	9e175b8b420642f6df237e50eedc730f
i262s0	124672171180256	16	9024	9024	6349	2362	3987	53258ea8f88e15863d38d60362d9fd81
i262s0	125771682808032	19	9024	9024	7963	2465	5497	481bad066ad766abd6c7cea3b3295621
i262s0	126871194435808	15	9024	9024	8036	2822	5214	5d06528190707f2016e1a862302037b3
i262s0	127970706063584	14	9024	9024	7078	2515	4562	26f0c4c7c5fb3d3885bcd57f977c5943
i262s0	129070217691360	17	9024	9024	7094	2165	4929	607c7a360df3ccb574e0f1e48cd926f7
i262s0	130169729319136	16	9024	9024	7982	3341	4640	21db7dc317f4315733580420a29bc319
i262s0	131269240946912	24	9024	9024	7364	2503	4860	41f8e916bcf6dd3f644b5a217498f146
i262s0	132368752574688	13	9024	9024	6082	1574	4507	ff6f10798fce91dc5376b19cbd0a00f7
i262s0	133468264202464	12	9024	9024	7642	2741	4900	ec3b0177bfbe25f4cd8e685d760e0cfa
i262s0	134567775830240	23	9024	9024	7457	2497	4959	abe931ed50864837f1b144520340b45c
i262s0	135667287458016	15	9024	9024	6876	2414	4462	eb6996d5e9a48368329d7ab45cf74e1e
i262s0	136766799085792	8	9024	9024	7734	1896	5838	7cc986e1c2c8197f3248c1e780e9a721
i262s0	137866310713568	9	9024	9024	9081	2170	6911	a1a699f90b5b9e6bdb67e5c96bc3af94
i262s0	138965822341344	12	9024	9024	6253	1708	4545	405950670fa52a3e0087c0891da8d39f
i262s0	140065333969120	14	9024	9024	8574	3282	5292	a1a0ce641ad8925677954882610aa1a6
i262s0	141164845596896	20	9024	9024	7483	2423	5060	e5826ff447865ee37c07f773a03a3d19
i262s0	142264357224672	14	9024	9024	6533	2595	3937	76061c58d83bb49c3e6589e4cac3cd98
i262s0	143363868852448	11	9024	9024	7180	2420	4759	a8fd8d61d894bc11b213ddcdf9e3485c
i262s0	144463380480224	16	9024	9024	5518	1656	3862	889411bc16a121fb613c18e72b4efec2
i262s0	145562892108000	16	9024	9024	6799	2092	4706	cf877ffc8b362bbc9e965dc2d3b0c729
i262s0	146662403735776	12	9024	9024	6276	1716	4560	6fd9df0410900b944ac39178c7520486
i262s0	147761915363552	7	9024	9024	6293	2197	4096	284193cff02faa0c92aa7ded56fd0e0d
i262s0	148861426991328	16	9024	9024	7659	2903	4755	374704446b0953bc52a6fcdf6e0e6bf6
i262s0	149960938619104	11	9024	9024	6669	2101	4567	ec6c0fac82436d5d990194fc5b767460
i262s0	151060450246880	13	9024	9024	8764	3273	5491	12a31395467bcaa0a44d4b89fef99425
i262s0	152159961874656	16	9024	9024	8341	2958	5382	cd267a8a4e39150d4d961302eacb098d
i262s0	153259473502432	18	9024	9024	7066	1921	5144	5b13d7f8df3a65fa7e741d2ff4895f14
i262s0	154358985130208	15	9024	9024	8563	2344	6218	db7e9f8714517cf3ad251f4b17a554b5
i262s0	155458496757984	15	9024	9024	6813	2066	4747	9a05219be8b4d4f59693af36144607dc
i262s0	156558008385760	21	9024	9024	7770	2710	5060	1f6f2f79b160790d9e2dd2ffbdc42232
i262s0	157657520013536	12	9024	9024	7614	2505	5109	021944b66f1720c799be7fcf572f106a
i262s0	158757031641312	14	9024	9024	7613	2511	5102	981f906f39f02a3fe8abdbccd510ff6d
i262s0	159856543269088	17	9024	9024	6363	1887	4475	8faa0d0091ca771f1517969abff00d50
i262s0	160956054896864	11	9024	9024	7927	2424	5503	9a2f1070aa8203f3d42a9b4751ce8d95
i262s0	162055566524640	15	9024	9024	8165	3025	5140	c52ad3cd3eebe985017ac28940b5d660
i262s0	163155078152416	21	9024	9024	6515	1945	4569	dc78d35d9194b1efd02c641e457539c1
i262s0	164254589780192	17	9024	9024	7146	2377	4768	d9485b13b0b8d7907f58daa8e8286e06
i262s0	165354101407968	15	9024	9024	7214	2387	4826	61c51acd76ad0d44bfe0a45b55365e7f
i262s0	166453613035744	17	9024	9024	7939	2505	5434	7d19b9bbab9bc936031cad3a24aab482
i262s0	167553124663520	16	9024	9024	7324	2015	5308	67beb7db195fcd2fbd99dfe3fba8c2ff
i262s0	168652636291296	16	9024	9024	7147	2340	4806	3d14f5c5305af3242ea27c8beccb1386
i262s0	169752147919072	20	9024	9024	7738	2673	5065	5d7a54dc9025487e37c7c258d8736b07
i262s0	170851659546848	14	9024	9024	9176	3695	5480	8b10d6f07b6cf92eb59bc636c0b5bd72
i262s0	171951171174624	16	9024	9024	6810	1971	4838	1489e3b1800380d8760842dc7d3b4893
i264s0	62000008397025	27	9024	9024	7943	2554	5388	bcb829fbcbeb42b1da9dcbb62d99051a
i264s0	62000008397026	18	9024	9024	7109	2435	4674	ac0dff504112851c79207871a19592f8
i264s0	62000008397027	19	9024	9024	5884	2021	3863	6b5fa8c3e0a86838e018444da3568249
i264s0	62000008397028	15	9024	9024	5287	1648	3639	40ba77ef01f8801841f78c9c0e4b5d54
i264s0	62000008397029	10	9024	9024	7378	2762	4616	ee2794cfea40d01e6433aafff0569ce0
i264s0	62000008397030	16	9024	9024	5554	1766	3788	9fd9e1e505dc20bd5567faf35dec0700
i264s0	62000008397031	17	9024	9024	7406	2276	5130	9fe02b659a923272526b61bc093741a0
i264s0	62000008397032	16	9024	9024	7674	3618	4056	68317e840a2d650f09c280230985209f
i264s0	62000008397033	19	9024	9024	7519	2308	5210	60bd09150171c2346b363fd3c797cf31
i264s0	62000008397034	21	9024	9024	8507	3504	5002	30ff6d04af95f1ea0565b41e52264d7b
i264s0	62000008397035	16	9024	9024	7162	2180	4981	6dfa75217899d055c21d02179a27447c
i264s0	62000008397036	16	9024	9024	8308	3565	4742	f5cb15e009d666baf6e0044ceaa64d4d
i264s0	62000008397037	16	9024	9024	6776	1695	5080	e53a5fd8f8ab6833dd27089dc3e31494
i264s0	62000008397038	16	9024	9024	7491	2532	4959	1ab757d19eeef248c58dc7899b94ec44
i264s0	62000008397039	15	9024	9024	9309	2548	6760	3c5f818186ac34c10e9700fa8941bcf5
i264s0	62000008397040	18	9024	9024	6345	1965	4380	ea6e82cd3b56382265698f155cfed314
i264s0	62000008397041	18	9024	9024	8107	2187	5919	72fa5c8edd66a139e7238f423f5af05d
i264s0	62000008397042	13	9024	9024	8178	3196	4982	96580c08eff00f949052f93dc4d20c5a
i264s0	62000008397043	16	9024	9024	7872	2461	5410	853ae482699872b0d654309c4eac08d6
i264s0	62000008397044	24	9024	9024	8528	2483	6044	0f2beb472eac78e1e042066e0af34d82
i264s0	62000008397045	19	9024	9024	8817	3533	5284	397995eb5672a978d7903d219012b802
i264s0	62000008397046	19	9024	9024	5353	1861	3491	fd43021de483053144f795ffc9fb123d
i264s0	62000008397047	13	9024	9024	7118	2155	4962	8832417e6522da23eff76daef0e329d0
i264s0	62000008397048	14	9024	9024	8327	2405	5921	f56c816db309a27cf37b8e47ed9b9831
i264s0	62000008397049	16	9024	9024	7002	2118	4884	cc241c1e02eddc4fc1e51df38b414c74
i264s0	62000008397050	16	9024	9024	6486	1558	4927	f70f10820e9b370558091f2d58e40560
i264s0	62000008397051	17	9024	9024	6372	1653	4719	f51596106cac1cb8191fa755454de9d0
i264s0	62000008397052	15	9024	9024	7138	2318	4819	c84649dcacbec4ada7af18b18d353ab8
i264s0	62000008397053	14	9024	9024	7915	2214	5700	d1f3bfce59bd317163fcb057dc508c29
i264s0	62000008397054	20	9024	9024	6926	1781	5145	d126aaf684c6b22f86830596c751275f
i264s0	62000008397055	11	9024	9024	9042	2456	6585	b880ccc41daf6afbd306ba2e18a22fc8
i264s0	62000008397056	12	9024	9024	7339	1854	5484	9c71a3dddc9ba713178de2dd0d75849b
i264s0	62000008397057	16	9024	9024	5738	1828	3909	54c255643f5d5ae0566e50def2711cae
i264s0	62000008397058	11	9024	9024	7328	2125	5203	457050cc8225398c6e2c2cecf5f30e3f
i264s0	62000008397059	20	9024	9024	6262	2112	4149	a1cd97a5a3c20d25e64ba9780d3267eb
i264s0	62000008397060	10	9024	9024	6161	2316	3845	95dfc9e67f28c7c6c056c090474e784b
i264s0	62000008397061	18	9024	9024	7634	2376	5257	8d7694f6bf58dff193c0ce304738254e
i264s0	62000008397062	15	9024	9024	6703	2261	4442	f3aac12bef95904547a32c2b61db0db9
i264s0	62000008397063	11	9024	9024	6588	1944	4644	a99941db3b5706408ee7a30df9bca485
i264s0	62000008397064	12	9024	9024	6119	2074	4045	40dc79cd62d4d57e2a6c10767289b5d6
i264s0	62000008397065	17	9024	9024	6501	1840	4661	652d7f5066a423e9bd7b9179a3cbad53
i264s0	62000008397066	12	9024	9024	6364	1894	4470	5605aaf77e0dd721f6b51e3eccfcb982
i264s0	62000008397067	8	9024	9024	7125	1800	5324	782894a0e46d83b8de07047ad9fbacf9
i264s0	62000008397068	16	9024	9024	9244	3129	6114	8f0b9934925d472b7b338d7901919a02
i264s0	62000008397069	22	9024	9024	7590	2674	4915	beffebf5eeaeed8c59edaf3e017b4191
i264s0	62000008397070	10	9024	9024	7266	2249	5016	ea7d2f7c5341d382467b610c48f40078
i264s0	62000008397071	18	9024	9024	6625	2342	4283	a6e4ea0827b9471b99b18fc16dfee966
i264s0	62000008397072	13	9024	9024	7100	2230	4870	cede3367153411d0901152187b4d319d
i264s0	62000008397073	15	9024	9024	6308	1760	4548	5c7c3f760f149ace688f0e2512ab4cbe
i264s0	62000008397074	16	9024	9024	5810	1716	4094	812f0a8acf80ae423e374196b956fc63
i264s0	62000008397075	9	9024	9024	7581	2961	4620	25b699743b8df30778de8fac4660c70b
i264s0	62000008397076	20	9024	9024	8755	2879	5875	ed3d0b7eb5dfd6ae1a09cdfe45ed5a65
i264s0	62000008397077	10	9024	9024	5303	1565	3738	4230d986a009e934253213a488cdad76
i264s0	62000008397078	16	9024	9024	9259	2891	6368	a9fa7f400381f6c2b463787c94804ad8
i264s0	62000008397079	6	9024	9024	6269	1946	4322	b4d50119b87f73efceb96cabc5af4332
i264s0	62000008397080	17	9024	9024	7788	2692	5095	ab6f5d01c97a2770906a1e3b22cf1e8c
i264s0	62000008397081	18	9024	9024	8066	1900	6165	1297c8a03ba12464b33d0ba397d876b6
i264s0	62000008397082	17	9024	9024	8066	2767	5298	9b8fa7988c174cc444a394ea916dba40
i264s0	62000008397083	16	9024	9024	6990	2177	4812	6f5e5441914cb9b7246688f1ff5bad6d
i264s0	62000008397084	13	9024	9024	6857	1802	5055	04c00ec35b978a5df00a4ee933cf7891
i264s0	62000008397085	14	9024	9024	7636	2689	4946	05c415d90778d7273cc20df64880f900
i264s0	62000008397086	7	9024	9024	7778	1841	5937	0c9a485b0d4d22943ad4fd83e5638278
i264s0	62000008397087	17	9024	9024	5546	1850	3696	4ec7cd456b3f71f2bb87cf39c8ecf4cd
i264s0	62000008397088	16	9024	9024	7070	2381	4688	038ba7b0c0dd58f32b223ab71d93beaa
i264s0	62000008397089	13	9024	9024	6445	2255	4189	d8363563e7e27373849e017a16569281
i264s0	62000008397090	21	9024	9024	7667	2261	5405	42294df0d51f8bff5f3dd4a18265a82f
i264s0	62000008397091	12	9024	9024	7349	2468	4881	f681e7402e8664fd1e60a7462a08b0f9
i264s0	62000008397092	17	9024	9024	7502	2564	4938	46ed5475dc839082187bc066fdf8da13
i264s0	62000008397093	15	9024	9024	7801	2405	5395	20f8bd02e1311acda9a9b26b4843007d
i264s0	62000008397094	19	9024	9024	7633	2382	5251	a122da3f8dd8d249182563aebef91f81
i264s0	62000008397095	17	9024	9024	6765	2034	4731	de30c62466276e35d8840fc2564205b1
i264s0	62000008397096	12	9024	9024	6304	2322	3981	691bb8b1128ccbb7663ecf89c5fb4d7d
i264s0	62000008397097	17	9024	9024	6545	2122	4422	cb2f20268486e924440d29e6a5f1e2f8
i264s0	62000008397098	17	9024	9024	9674	2528	7145	5e473ba74e9ab2f1b71bb3adfb76c502
i264s0	62000008397099	12	9024	9024	7534	2792	4741	7b61cf73330a9467499c404dbc956672
i264s0	62000008397100	18	9024	9024	7754	2742	5011	a9e37a82533b67a6a6b79993f1a732b9
i264s0	62000008397101	17	9024	9024	7894	2388	5505	6ec75a67a329afa2cc21f8d2f7dff6a7
i264s0	62000008397102	11	9024	9024	6622	1954	4667	fbc66f9fbd526b8aa2bf2b31756cf121
i264s0	62000008397103	11	9024	9024	7633	2596	5036	10b16e5115d13c95569f33dd3cd0b92c
i264s0	62000008397104	19	9024	9024	8970	2552	6418	413277bf473a71e8dd0b5d03b15e7c1f
i264s0	62000008397105	13	9024	9024	6415	2394	4020	93dc601447e9ee53db50a108558235bc
i264s0	62000008397106	13	9024	9024	7705	2290	5414	cc8f56b5a0d20f15c54b0896cb05fe90
i264s0	62000008397107	12	9024	9024	7529	2226	5303	5c197106cb009d5da807f333c97d2ac5
i264s0	62000008397108	16	9024	9024	5333	1792	3540	d80f1a44a7584097c555ca7d1de168ca
i264s0	62000008397109	17	9024	9024	7273	2535	4737	0a0ce574056d75fec32eefee0cbbebb5
i264s0	62000008397110	16	9024	9024	9030	3561	5468	efd4cc727d894754e23cba731d571849
i264s0	62000008397111	14	9024	9024	6650	2680	3970	369559db668b72392f3381ab5cc69d62
i264s0	62000008397112	15	9024	9024	7392	2553	4839	086040eb2d4e34626c748c96b32a779e
i264s0	62000008397113	17	9024	9024	6015	1686	4328	659edcfec2148ad7ecf8bb60906a4aba
i264s0	62000008397114	12	9024	9024	6186	2065	4120	2f36a0f321facdcfa21e572360e29aef
i264s0	62000008397115	11	9024	9024	7713	1857	5856	83bd75dfd3cb771b93ae797a8625c114
i264s0	62000008397116	19	9024	9024	7733	1734	5999	9d3fa5a118089214d51f9c8668942cfb
i264s0	62000008397117	18	9024	9024	5342	1722	3619	bb8e1daede38b0f5a416f280aa91366c
i264s0	62000008397118	15	9024	9024	5610	1830	3779	5646c425333932b4c04c1576ff168fb4
i264s0	62000008397119	16	9024	9024	7206	2278	4927	7652a9c2385a98f0b178e1088c988f59
i264s0	62000008397120	12	9024	9024	5271	1636	3634	be8bb0bbdfa3981ecd2369bffa5cce41
i264s0	62000008397121	14	9024	9024	7449	2224	5224	f5da7ca916e9f306886e474b7aa0ffad
i264s0	62000008397122	15	9024	9024	8215	2224	5990	3a3d6f0f0ad9a3a5ee3fe3b48148a498
i264s0	62000008397123	19	9024	9024	5583	1618	3964	1775cba78c6cc310fe17081de8d919ad
i264s0	62137447350497	19	9024	9024	7837	2941	4896	4d68e3d864953e048e3bc5565d411cf8
i264s0	62274886303969	13	9024	9024	8371	2793	5577	34319f0c530906110765e46521ae15a4
i264s0	62412325257441	15	9024	9024	8742	2347	6395	45e91742207dcd47f19822b16307f573
i264s0	62549764210913	16	9024	9024	7494	2486	5007	3db48a3fc76040a73d3961377f3a2d1d
i264s0	62687203164385	18	9024	9024	6676	2242	4433	3aeff7fc6c8e9480bde01af35209adc8
i264s0	62824642117857	12	9024	9024	7804	2930	4873	128fa98ccd0548197c7280be6190cc40
i264s0	62962081071329	21	9024	9024	7517	1821	5695	019e79d4c251bf1aa9a80bc388fa45c5
i264s0	63099520024800	17	9024	9024	7591	2583	5008	1b161f7b6fc661f4bae79ec443ad6d37
i264s0	63099520024801	11	9024	9024	7226	2079	5146	ae0f15f5fa7a332b5f06c935454c6eba
i264s0	63236958978273	9	9024	9024	7698	2467	5231	8662583b2fb5259959ff346316c0cc44
i264s0	63374397931745	16	9024	9024	7209	1873	5335	34f3455f7a83ac2fae5b719b9221e2b7
i264s0	63511836885217	10	9024	9024	8061	3382	4678	35e7228c0d0bb9b7e2d3d3d03fac989d
i264s0	63649275838689	16	9024	9024	8978	2972	6006	8fadf5df25f64d45fd1a5a51d5de8a03
i264s0	63786714792161	16	9024	9024	8979	3117	5861	93bf4e44ed288854cb18c92959c7d617
i264s0	63924153745633	12	9024	9024	8198	1897	6300	f8d7a39c4210c7e02f2a16c1dacf0462
i264s0	64061592699105	9	9024	9024	8571	2718	5852	1e4487406d507d5668fe988710dde097
i264s0	64199031652576	19	9024	9024	8371	2927	5444	7a1e35d9ca9d50ed68c238bd5ccf316b
i264s0	64199031652577	14	9024	9024	6410	1932	4477	14c550c355f2a3b5e26ac7393a2c7e4b
i264s0	64336470606049	23	9024	9024	7083	2117	4965	03639953b72e037248ff09566afb44a2
i264s0	64473909559521	18	9024	9024	9337	2580	6757	16a57c56a0b3e25c345788dd3674e927
i264s0	64611348512993	18	9024	9024	7994	2508	5486	092dc3a1a5c211afa4a965c7b4e3c766
i264s0	64748787466465	10	9024	9024	9699	2634	7064	6bf4c16b69014a5c8a91a93c0ee58c35
i264s0	64886226419937	15	9024	9024	8366	2460	5905	82e46febca8205429354d33719c14beb
i264s0	65023665373409	15	9024	9024	8410	3282	5128	ad47b1a11d93e3cc3964c1341ae04b18
i264s0	65161104326881	20	9024	9024	7875	3031	4843	7cc3db19572feb1a99967ed861fe22dc
i264s0	65298543280352	21	9024	9024	7965	2624	5341	9250af5ef4269609817afb05b32acc85
i264s0	65298543280353	13	9024	9024	6987	2123	4863	d2bba4ac3eb1633a41b143f7bf398bfe
i264s0	65435982233825	22	9024	9024	6986	2548	4438	f5fb912d57128387fb42a90562d219ac
i264s0	65573421187297	17	9024	9024	6154	2026	4128	9ac08e5a3529e9c5b4f39cc62261b9b8
i264s0	65710860140769	17	9024	9024	7612	2277	5334	fe03ec002f30a438327ef856a7c9b64d
i264s0	65848299094241	16	9024	9024	10809	4078	6731	aa65284608762d00f14c360c3f50fbac
i264s0	65985738047713	19	9024	9024	7773	3081	4691	e2f5912a8c5dbb08f0ce3043058cf3b6
i264s0	66123177001185	9	9024	9024	6765	1878	4886	299648bd305f13cb6a469d949883414a
i264s0	66260615954657	22	9024	9024	7325	2215	5109	42aa254aec498902ee9add6bd33d1ac7
i264s0	66398054908128	17	9024	9024	7262	2313	4949	a91ec9a0b6ee3a8aa5a6a69f2c289fef
i264s0	66398054908129	12	9024	9024	7863	2576	5287	575ac2de575d07e92f6abce921da78f6
i264s0	66535493861601	6	9024	9024	7651	2764	4886	7672a745528ea4eabe94944d584fe397
i264s0	66672932815073	20	9024	9024	7148	1900	5247	abb7dcac5171076d5ccdd1f7248ef00e
i264s0	66810371768545	21	9024	9024	8244	2370	5873	cf3b183dddf3e214a9231311e52d1d47
i264s0	66947810722017	16	9024	9024	7290	2419	4868	c1965998cbce5c7522103498867469ea
i264s0	67085249675489	12	9024	9024	9787	3791	5995	1f8a4150ccf2f909fbe45c19b87c6fc7
i264s0	67222688628961	17	9024	9024	8535	3178	5357	46aa243e8207d897b227657ec8bf2d74
i264s0	67360127582433	17	9024	9024	6257	1746	4510	720d757e1d66d15b3df864db7b3c4454
i264s0	67497566535904	16	9024	9024	9924	2728	7196	a40710ca4c22d0a4dc6df5a2d73bfb49
i264s0	67497566535905	13	9024	9024	7004	1922	5082	265a2b6a712c74f6567cec227a180f9f
i264s0	67635005489377	22	9024	9024	8131	2216	5914	3fac278884b04d30edd7cd49ebe234ca
i264s0	67772444442849	24	9024	9024	9488	3115	6372	8c9a9272347502180e5882295462fa32
i264s0	67909883396321	14	9024	9024	8339	3132	5207	685ada1fb8e68f6bcc3ad196eefdcdfb
i264s0	68047322349793	14	9024	9024	8359	2780	5579	7ad6b87535fcef37592e9f3b92c5bd4b
i264s0	68184761303265	23	9024	9024	8209	2342	5866	ac285d229c5d3f69362df2d467d48275
i264s0	68322200256737	13	9024	9024	7592	2842	4749	06502451cc70d8485a8af90b318cabd2
i264s0	68459639210209	15	9024	9024	7536	2242	5293	a7081c645b2df8d92e6fbaf3fcead77d
i264s0	68597078163680	16	9024	9024	7238	1929	5308	1747556c2d3c1ece8c8359944db1ae7c
i264s0	68597078163681	20	9024	9024	7930	2179	5751	a7f48978f31be575abf28dd3c661bf1d
i264s0	68734517117153	20	9024	9024	7819	2055	5764	1f98eade6bc3a497f83bee2a6a237c2e
i264s0	68871956070625	17	9024	9024	6864	2042	4822	6c6a8d4301f799804f5e657dbbd57e7c
i264s0	69009395024097	12	9024	9024	8095	2072	6023	c39e1bf35205f8e2993b6cc8282b4fd7
i264s0	69146833977569	17	9024	9024	7399	2892	4506	a9102720324ee431a5602ec6c2e02f14
i264s0	69284272931041	13	9024	9024	7437	1770	5666	79bcccdfc42a67c26e9a7b5b40a9a960
i264s0	69421711884513	14	9024	9024	6748	2297	4451	56abfacc1c691baa3cbd2e893d3d4887
i264s0	69559150837985	8	9024	9024	8469	3455	5013	93ffa92851ef4107b7a5787992a46e72
i264s0	69696589791456	17	9024	9024	7489	2475	5014	aa866a9c2eb0a5a17a8ccbeb448c6ac6
i264s0	69696589791457	15	9024	9024	7152	2221	4931	f0d0a03749ab29163792a95fec11adc5
i264s0	69834028744929	13	9024	9024	7255	2355	4899	5b8a33f15176a38432d3d5815a75c595
i264s0	69971467698401	16	9024	9024	7365	1816	5549	2520df08cde4b76248ad9aa32efc6467
i264s0	70108906651873	14	9024	9024	8788	2569	6219	4e65485e6d1948c283dae0cf3b2dc9e9
i264s0	70246345605345	16	9024	9024	7916	2301	5614	f51b14b55bf4c90af3f57131829cf943
i264s0	70383784558817	12	9024	9024	7067	2256	4811	6a6d52bdf15cb3e4ca0eb5e96c006b17
i264s0	70521223512289	13	9024	9024	8354	2933	5420	d0ea389f7bdef54ef2d705de577f2bd6
i264s0	70658662465761	17	9024	9024	5564	1740	3823	a5c1423ba6dcad80e1f7a5093aca946e
i264s0	70796101419232	13	9024	9024	7148	2300	4847	ae38b533945168dc4eb0d4bad94cfd4a
i264s0	70796101419233	15	9024	9024	7211	2190	5020	6d5ffe54c2f6452c700aa90776a7e20a
i264s0	70933540372705	22	9024	9024	7767	3193	4574	aac14bf09974cf399bccd972cba60ead
i264s0	71070979326177	13	9024	9024	6172	2158	4013	f154e2c86f511175796fd03b3366d29b
i264s0	71208418279649	16	9024	9024	8128	2165	5963	13e2d28f7309eba7831994ac33806305
i264s0	71345857233121	13	9024	9024	9490	3386	6104	8cc6423d45b4c568ecbe603f2716d33d
i264s0	71483296186593	18	9024	9024	6938	2180	4757	7c9aead5dcafd6fe141958558c915fcb
i264s0	71620735140065	10	9024	9024	7715	2428	5287	2d1b05d4b3a145188b4cb5b3b8c8bd0a
i264s0	71758174093537	18	9024	9024	6252	2413	3839	d2ccf722b8cd97c7dfa6e00937f260a8
i264s0	71895613047008	11	9024	9024	5995	1721	4273	65e86318a7441469eb5a8a97f6cbb819
i264s0	71895613047009	21	9024	9024	6850	2246	4603	e8951cb1970463f81fb5e5aea0e5bee5
i264s0	72033052000481	13	9024	9024	5680	1675	4005	710ed98a0c42a5340ecfc67445862b00
i264s0	72170490953953	20	9024	9024	7355	2195	5160	b098501020ba9ba2651021b16877e055
i264s0	72307929907425	12	9024	9024	5375	1902	3473	dc8aea3d749181e4e0d63bc192b81572
i264s0	72445368860897	12	9024	9024	5814	1711	4103	2c67b8e662124668ffd6d7ae935e0295
i264s0	72582807814369	14	9024	9024	7502	3469	4032	012850499e8939ccfcb35630f16b423e
i264s0	72720246767841	12	9024	9024	7597	2342	5254	e5c413e9f9b5b657b78bee61b05965e9
i264s0	72857685721313	14	9024	9024	5075	1682	3393	e1aa160b2afece07944b10f5f2065c6a
i264s0	72995124674784	25	9024	9024	6894	1876	5018	cfe17fa4624fa0d4c1536b825f4657f2
i264s0	72995124674785	13	9024	9024	10261	3030	7231	8b422dc8c908ddb1a3381ea2e1a234e3
i264s0	73132563628257	14	9024	9024	10087	3586	6501	7ed5d8183f0c48c32bc6140e97da7c3c
i264s0	73270002581729	19	9024	9024	7936	2722	5214	a3d76a175d05d91668dc70a6c1e7dff5
i264s0	73407441535201	16	9024	9024	6738	2104	4633	fd1196457bf717251aa81d1bcfa279de
i264s0	73544880488673	15	9024	9024	6676	2312	4364	59d4c2c88ac43326e06bd9ab58d372a0
i264s0	73682319442145	17	9024	9024	8357	2302	6055	802b706eec0e442fe49f3c4a81fcda19
i264s0	73819758395617	16	9024	9024	6968	2452	4515	f7415326e284a89545932502bf3414fa
i264s0	73957197349089	16	9024	9024	7518	2594	4923	fc8b39a638a7870038ff8a0014c6899a
i264s0	74094636302560	21	9024	9024	7064	2234	4830	24bee7313d76a692c803025b2cf415ba
i264s0	74094636302561	22	9024	9024	8345	2708	5637	43277e5eabd8ffaa2704049308810aed
i264s0	74232075256033	13	9024	9024	5908	1864	4043	bb4085421b1a8ed8377aae2154673dae
i264s0	74369514209505	16	9024	9024	6846	2103	4743	b9d8bb256edd2312a1b1a1f9bc51ae07
i264s0	74506953162977	19	9024	9024	6906	1911	4994	946c6ccba4edb4e8d953efdd6e61ea25
i264s0	74644392116449	10	9024	9024	7954	2677	5276	3438ec619451ab8178833eaccbca8672
i264s0	74781831069921	12	9024	9024	9728	3027	6700	5c2c53d89bbfca825f13e405465dfd90
i264s0	74919270023393	13	9024	9024	7429	2407	5021	3836f6c99e79592809b0db5266bae723
i264s0	75056708976865	10	9024	9024	6901	2867	4034	c4de3e136fc8e3cb3673a8f54449ab1d
i264s0	75194147930336	11	9024	9024	6497	2323	4174	86f161a4cebeb8486ba226675c68c61b
i264s0	75194147930337	14	9024	9024	6627	2185	4441	96acabb5ac791e84e6feb95bf44391f4
i264s0	75331586883809	8	9024	9024	6454	2303	4150	f5b3e78ba39e89906e535c847710af04
i264s0	75469025837281	11	9024	9024	8179	2331	5847	eaa4dce5bd41792497ee686ea8f1b17a
i264s0	75606464790753	14	9024	9024	6745	2702	4043	cc0b95a308b385ff49357440f0a44466
i264s0	75743903744225	20	9024	9024	6009	1903	4105	f21aef64a8b45c9688c92ef5f9bd1f16
i264s0	75881342697697	12	9024	9024	8510	2761	5748	2c4245f00386973a211e31794a27160b
i264s0	76018781651169	14	9024	9024	7375	2125	5249	2e758fa71fad97752157f1b2811387cf
i264s0	76156220604641	14	9024	9024	7512	2428	5083	9cbf19f3d581cbcc889c878ed303c94c
i264s0	76293659558112	15	9024	9024	7265	2344	4920	04a2db7e2b47bc517b2259863b455d0f
i264s0	76293659558113	13	9024	9024	5352	1807	3544	a952252d224df92a39018c20c8eb0595
i264s0	76431098511585	19	9024	9024	5229	1578	3650	15675e4e8ece3e6c04d3cf3b11ee555d
i264s0	76568537465057	16	9024	9024	7201	2396	4804	e30dbd3e6b7370ed3217012e18c17f2c
i264s0	76705976418529	15	9024	9024	7103	1950	5152	0f048fa86ea8e70330db1592b69fc034
i264s0	76843415372001	16	9024	9024	8379	3433	4946	55d36b05943a65db0b7643a67aaa68d1
i264s0	76980854325473	22	9024	9024	6014	1860	4154	23c658376696fbf392a51b5f67e24c35
i264s0	77118293278945	19	9024	9024	8682	3543	5139	4106583f0d917f87059631b370f2e6c2
i264s0	77255732232417	13	9024	9024	7117	2325	4792	af79855912b75e08458b6f733f70dcb5
i264s0	77393171185888	12	9024	9024	5923	1774	4149	8fa192ba5a480c9924114c7ed3ba53c3
i264s0	77393171185889	12	9024	9024	8450	2560	5889	8c2f62b7325ea7786b8fb98b87f56674
i264s0	77530610139361	14	9024	9024	6449	1838	4611	2e838142303ce3119c4e8cced6bc5744
i264s0	77668049092833	16	9024	9024	6756	2361	4395	35a30bed8bb872f1fb21f58eceec2ac5
i264s0	77805488046305	17	9024	9024	7131	1891	5240	b6036359062d653f10367489302f2d9e
i264s0	77942926999777	22	9024	9024	5435	1723	3711	52e41b8aa6ffdce9886792c9df2482a3
i264s0	78080365953249	9	9024	9024	9328	2886	6442	74a75483825cfe1f4d794d45ea9eaaa1
i264s0	78217804906721	16	9024	9024	8388	2289	6098	6354e5a5ca9b61800f0bc3a7da183c96
i264s0	78355243860193	17	9024	9024	5901	1907	3993	33fa637a235354ca254e2c7b3a3dcd3b
i264s0	78492682813664	9	9024	9024	7204	2185	5018	0d210d5454fae61340b3664202954b22
i264s0	78492682813665	13	9024	9024	7354	2291	5063	305aecf1f1fc849f824d81deed6c3976
i264s0	78630121767137	17	9024	9024	7482	2540	4942	234deac00a9044802ecdbff33dbb1354
i264s0	78767560720609	21	9024	9024	7213	2681	4531	8f130500eda657767f24fa9ae77604df
i264s0	78904999674081	20	9024	9024	8589	2538	6050	a0e810bf4bf1f58f83ba7e40195529aa
i264s0	79042438627553	21	9024	9024	8156	2354	5801	3f10a27c7a66e361ecc19c869268d55c
i264s0	79179877581025	16	9024	9024	6752	2145	4606	b854dff247208b1b1b8e01da4b3a2d0e
i264s0	79317316534497	17	9024	9024	7110	2003	5106	e14a7ac4d014174c7544f7eafeb79306
i264s0	79454755487969	15	9024	9024	7921	3121	4800	43d41c80932806aade1d825b3b8930c3
i264s0	79592194441440	16	9024	9024	7701	2455	5245	47434c84319c508a5d181e29fb2fdaeb
i264s0	79592194441441	16	9024	9024	6692	2365	4327	d570511a607cd0930d59087c26e29ded
i264s0	79729633394913	10	9024	9024	6526	1658	4868	6dd85cf4d8d3ebf13fd2391f9336fe74
i264s0	79867072348385	13	9024	9024	8755	2540	6215	01bd4373995da0ac516d874db90991ec
i264s0	80004511301857	9	9024	9024	8455	2556	5898	626bffaaba29193a96b72d4de5ecc3a9
i264s0	80141950255329	20	9024	9024	7939	2604	5334	1567f40dd64b7324380c1088b8cd1701
i264s0	80279389208801	16	9024	9024	7642	2393	5249	d43b4be592d267d16bdfaace91720845
i264s0	80416828162273	19	9024	9024	7422	2767	4654	d9b02dc8a3e13a84d85153c2cb0fc793
i264s0	80554267115745	15	9024	9024	6737	1970	4766	6faa22ae97eaa7626a39b1a93cfab465
i264s0	80691706069216	16	9024	9024	6748	2065	4682	20e78711c93bb92ac4744e8175935c9d
i264s0	80691706069217	17	9024	9024	6967	2358	4609	da8c7aab0fbe952aea1926f16dcf6e69
i264s0	80829145022689	21	9024	9024	7281	2545	4736	ca72872df60ea2650002797a43867291
i264s0	80966583976161	22	9024	9024	8424	2711	5712	387b187762ad795553d7a76a9164f7ba
i264s0	81104022929633	12	9024	9024	8011	2799	5212	c3fa83ee08bf78c4b738d6149af33151
i264s0	81241461883105	19	9024	9024	5713	1571	4141	bf5b0a791e448292f8e625b0e44fbdc5
i264s0	81378900836577	14	9024	9024	7042	2403	4638	3ab4707cfa37bc12136d2795b6b0d72c
i264s0	81516339790049	14	9024	9024	6854	1957	4896	7c09a09249f1ea5ee5074f2984c08e77
i264s0	81653778743521	27	9024	9024	7504	1790	5713	b1cd469740419e6ea3ec822f3f15ac82
i264s0	81791217696992	16	9024	9024	8891	2510	6380	298647f4ea4a2b0750caac367a0cdc51
i264s0	81791217696993	19	9024	9024	6564	1746	4817	2bcc950e99a5493e471235ab20040398
i264s0	81928656650465	18	9024	9024	7249	1807	5441	753addcce0819320a7d02587a0533bee
i264s0	82066095603937	11	9024	9024	8543	2167	6375	18293256465684f77ef0a39c92bbc7c1
i264s0	82203534557409	16	9024	9024	7241	2359	4881	57bf8d0958c489f1327b7dd2651dda31
i264s0	82340973510881	15	9024	9024	6927	2016	4910	231319cf80b89be0ccc1aa0d5bcdf8c8
i264s0	82478412464353	16	9024	9024	6973	2102	4871	450011a82a22ffd4ac2576b6aee48d31
i264s0	82615851417825	18	9024	9024	8186	2295	5890	2e0ed3c4cd4bcd337d6a0436e3ccabc2
i264s0	82753290371297	12	9024	9024	6741	2090	4651	4b795bd9a8824431dcbe9aec7b1cf290
i264s0	82890729324768	18	9024	9024	7522	2412	5109	8581ad8496bdcef553a4528957e90bb0
i264s0	82890729324769	23	9024	9024	6995	2146	4849	f2da7a0350252e35a58234e016e39b17
i264s0	83028168278241	17	9024	9024	7589	3554	4034	81759a9d1743afce1b9e72d492d13007
i264s0	83165607231713	15	9024	9024	6953	2465	4487	dd114d7554fda687e871dbd6c68c2426
i264s0	83303046185185	18	9024	9024	8061	2610	5450	620e4e73bb55da108325c68363ae4e34
i264s0	83440485138657	10	9024	9024	7562	2812	4750	77258fa0adaacad7d77e15041f7fed7c
i264s0	83577924092129	18	9024	9024	6875	2236	4639	f732a427c92c0adc99cc6d6626331318
i264s0	83715363045601	18	9024	9024	7106	2457	4649	57c575683f70d21150a16e8312427a9a
i264s0	83852801999073	14	9024	9024	6855	1781	5073	0a33eb0640cde097a43f9ca71bd7e494
i264s0	83990240952544	10	9024	9024	5712	1937	3775	370ccddba45caf14e2d5732d884566fe
i264s0	83990240952545	17	9024	9024	7890	2168	5722	56cdf01176e638ab5c29fed7e0f12142
i264s0	84127679906017	15	9024	9024	7951	2237	5710	06d0814e465b703ff7c08b472e7a17f0
i264s0	84265118859489	18	9024	9024	6841	2012	4829	36f6f83afd6dd3b7998d6eb316689e0e
i264s0	84402557812961	16	9024	9024	6805	1782	5022	bbd1c8678a3de2f9894f522073d73b30
i264s0	84539996766433	10	9024	9024	8095	2794	5300	d1ea8f13f0674fbaf3829a2ab4efeaeb
i264s0	84677435719905	13	9024	9024	6932	2261	4670	6677ea858a303c1db1fd596f4295a351
i264s0	84814874673377	18	9024	9024	7456	2633	4823	933427d5c275352eecff34d557f528f6
i264s0	84952313626849	13	9024	9024	7990	2334	5655	de4fc4711f3f69601260dabaedbc975e
i264s0	85089752580320	20	9024	9024	8168	1751	6417	85d1600c111504c8772578882e3f946b
i264s0	85089752580321	20	9024	9024	7331	2511	4820	4ba89f9ec29887388072e86aa708d987
i264s0	85227191533793	14	9024	9024	7440	2438	5001	24e2942ec43ae58a310ea13b2e60ef94
i264s0	85364630487265	19	9024	9024	7604	1891	5712	270903ed5ab0452a1ffa698fd88ddf6f
i264s0	85502069440737	16	9024	9024	7748	2444	5304	a876fb9b687e4147270e4ff62a88d977
i264s0	85639508394209	20	9024	9024	6827	1940	4886	d80d1549c23e1c2fd3c3ade1ec691fbb
i264s0	85776947347681	17	9024	9024	5872	1999	3873	80626e913cc93e3b72ac393b82bbccbd
i264s0	85914386301153	12	9024	9024	9027	3110	5916	a5fc1f7e06fc66471144d6e0f165bc8f
i264s0	86051825254625	11	9024	9024	7042	2432	4609	2c4ce43989098e7aaf39510c0a9ac784
i264s0	86189264208096	14	9024	9024	5991	1968	4022	1d9c26e96124893d7d646b8f9f3d4e55
i264s0	86189264208097	16	9024	9024	7019	2255	4763	26557c7f8e1100f6f4905063b83aac3a
i264s0	86326703161569	15	9024	9024	7424	2747	4676	dafa31f3b2f950dc3669e44a3b7139fd
i264s0	86464142115041	16	9024	9024	7283	2223	5060	20418aafade9061638926b5aa15b6330
i264s0	86601581068513	18	9024	9024	7366	2659	4707	50253a5ed81cd41b89875e4c49a159c2
i264s0	86739020021985	18	9024	9024	8804	3931	4872	32dea92593620d385ecf110af0ec7d56
i264s0	86876458975457	16	9024	9024	7255	2604	4650	4d12e6cd6ed509be11e96a01f31ed72d
i264s0	87013897928929	16	9024	9024	5552	1693	3859	2cfa32a28b140d745714c7fc109bdeb3
i264s0	87151336882401	19	9024	9024	7652	2468	5184	b52d947d17a337e6474941866b7d86a8
i264s0	87288775835872	11	9024	9024	6473	2050	4423	21401c071ec052ef63e124a1286a50f0
i264s0	87288775835873	11	9024	9024	6748	1813	4934	dcfdf55c9114a7a4a8204d567b16d06c
i264s0	87426214789345	21	9024	9024	7906	2276	5629	0a53237be717ee7fa466c94d65efe996
i264s0	87563653742817	10	9024	9024	8723	3121	5601	db221ecc3386f321b6a7430713eaeae6
i264s0	87701092696289	15	9024	9024	5536	2051	3484	a8ca7c6628a3220af70cbf1f36d61480
i264s0	87838531649761	20	9024	9024	7286	2610	4676	f281b50398cc2aab32aff05da0bc67fd
i264s0	87975970603233	11	9024	9024	5834	2009	3824	525104f8bfb70ca976d656dd9d1075cb
i264s0	88113409556705	15	9024	9024	8129	2101	6028	8687bb831117070185d04a0fc351cfdb
i264s0	88250848510177	22	9024	9024	5320	1738	3582	eccdae639b469e9e4d4e35c713ed8d99
i264s0	88388287463648	23	9024	9024	7326	2469	4856	923edde3a5ed437f87077294f70b672c
i264s0	88388287463649	29	9024	9024	6210	1637	4573	1fa985507027c6cb3c5e3548e3a6637c
i264s0	88525726417121	14	9024	9024	5968	2173	3795	84adf07c3ce743bca0050aac8da2b6aa
i264s0	88663165370593	21	9024	9024	6811	2209	4601	83d84b09c2ce32aa6123afca69feb747
i264s0	88800604324065	18	9024	9024	7141	2369	4771	ab0ab87c6e66f6f130d6397573947472
i264s0	88938043277537	15	9024	9024	6755	2064	4691	5d4e78831db20c3e8640984629443e10
i264s0	89075482231009	19	9024	9024	5095	1723	3371	00ca188ba35ab1257f62bbf5fbaaf440
i264s0	89212921184481	13	9024	9024	6471	2412	4058	61f3cee52b46ac64cedb93552512420f
i264s0	89350360137953	15	9024	9024	5591	1761	3830	3204a6b635db2b13ea35205bc60208df
i264s0	89487799091424	26	9024	9024	8791	2603	6187	d9853ccaa0d74f7bb097851ef38d00a2
i264s0	89487799091425	12	9024	9024	5791	1675	4106	c8e0e3be796a029fe415dfe3d99e3cf9
i264s0	89625238044897	10	9024	9024	5618	1692	3925	3730bbb5742c7fc565adb102ba8f2a73
i264s0	90587310719200	17	9024	9024	7766	2542	5223	1910fd7558ac7d72d7614ba03042bb3d
i264s0	91686822346976	11	9024	9024	6598	2705	3893	5f53df77939da4c0fd696183dd540386
i264s0	92786333974752	10	9024	9024	8570	2364	6205	65cf8522521dd68141f24f076033de36
i264s0	93885845602528	19	9024	9024	7236	1768	5468	91fdcd03cadb7e6999edfba64600b62b
i264s0	94985357230304	15	9024	9024	7837	2369	5468	f491651bf6617dfbdd4f2605b4aa957b
i264s0	96084868858080	14	9024	9024	7594	2270	5323	ca2105f9eba0a42caad86395b49a7c24
i264s0	97184380485856	15	9024	9024	8650	2999	5650	476e9102c48ca4d6230611cd91bc2714
i264s0	98283892113632	20	9024	9024	8062	2463	5598	a37b3abc12ced79d3c26c107b9e34845
i264s0	99383403741408	13	9024	9024	8029	2554	5475	306e79613cca1adc11604a0af96a3c41
i264s0	100482915369184	19	9024	9024	7188	2657	4530	423641479651ad1a50fe3b645703fe65
i264s0	101582426996960	11	9024	9024	9078	2919	6159	1916eff1c9291fc0b2fc813a06bc6f53
i264s0	102681938624736	17	9024	9024	6653	1725	4928	68e0c53673734999591c0fe22d61307c
i264s0	103781450252512	13	9024	9024	7206	1779	5427	da4bf7a2ded5e5aa8b30d3bb7e540a8d
i264s0	104880961880288	15	9024	9024	6784	2494	4290	ece6fb227f3ba646ebd788eca443355e
i264s0	105980473508064	24	9024	9024	7788	2493	5295	e14f2115716c15e78367c3154ede01c0
i264s0	107079985135840	12	9024	9024	7153	2827	4325	ee70cd35887a6d01b6981b2c673e43be
i264s0	108179496763616	15	9024	9024	6246	2115	4131	c2671997039bc9b0fe3f48216ddfe413
i264s0	109279008391392	13	9024	9024	7425	2532	4892	fc399026d717b5a28bc8a13bd1c3c8d1
i264s0	110378520019168	17	9024	9024	5593	1775	3817	c30f174951a01bcad12b7ffd2de759b5
i264s0	111478031646944	10	9024	9024	7622	2567	5054	68faff362f5da7f165187a2f0a931a5a
i264s0	112577543274720	12	9024	9024	7499	1856	5642	744adcbbf790cc0628ac4ae5fea9544d
i264s0	113677054902496	12	9024	9024	6564	1941	4622	566a10d0cbe5d6e9899ff527aabff427
i264s0	114776566530272	19	9024	9024	7118	1692	5425	5c491186cc04e65824d32f49a4cc6c7f
i264s0	115876078158048	14	9024	9024	5406	1635	3771	b48f289e7036aa7ff98d6a82f3e51c6c
i264s0	116975589785824	20	9024	9024	5548	1829	3718	748d4e607c67c106f58e90eb6fb912fe
i264s0	118075101413600	8	9024	9024	8959	3008	5951	ec31d2394de2f167094a1490757534b4
i264s0	119174613041376	14	9024	9024	7543	2365	5177	4bfe40674a6403b3a361961341582cb3
i264s0	120274124669152	11	9024	9024	7386	2460	4926	4b78c38ef363f6d6b16f274352da94ef
i264s0	121373636296928	19	9024	9024	7497	2456	5040	8aff87e47e472fd742d42daad74ef602
i264s0	122473147924704	16	9024	9024	9677	2921	6755	9c669d9908aa7ec1db6265a68ada7c3b
i264s0	123572659552480	15	9024	9024	7753	2385	5366	ba3211aaebb3922940c671c6a71322ea
i264s0	124672171180256	13	9024	9024	9704	3284	6419	a1529a869c47c454e4e1ac9efdb0b965
i264s0	125771682808032	15	9024	9024	5430	1657	3772	86dea665c7803629199d070a2e122276
i264s0	126871194435808	14	9024	9024	8353	3020	5333	cbecb4b6516b6e53e8807dd01adf59b1
i264s0	127970706063584	9	9024	9024	8908	3699	5209	d67b6c2f76db33970cf33b5cb8244b2d
i264s0	129070217691360	15	9024	9024	7710	2570	5140	8f116c6dede5c62e553a4782bc3df990
i264s0	130169729319136	17	9024	9024	8767	2860	5906	e71b20e246382acb43f49b7cb46acc1b
i264s0	131269240946912	20	9024	9024	6574	1974	4600	f22f1b1bb608fd9bc070ca405edd3783
i264s0	132368752574688	17	9024	9024	7696	3006	4690	3c966dcbb7e2c883f08258edeed1d2a3
i264s0	133468264202464	27	9024	9024	7559	2226	5333	60ff630d924fd8d53cf2c3a00d3c60a9
i264s0	134567775830240	11	9024	9024	6671	2400	4270	6ab143503607daca71bf697cb8dda0f6
i264s0	135667287458016	17	9024	9024	9207	2844	6362	159788e40206965d73b117f05c88a558
i264s0	136766799085792	14	9024	9024	6339	1784	4554	8c15ffb0c3d42e218638e755eabb1248
i264s0	137866310713568	12	9024	9024	7993	2446	5547	5a602dfdf4c2f1093c1d2dcc48c01a23
i264s0	138965822341344	19	9024	9024	9939	2510	7429	33b9bc6bb2046d3f1db63daa5d4d66c9
i264s0	140065333969120	13	9024	9024	7871	2907	4960	16575dea55816989e6076236f71ceb79
i264s0	141164845596896	21	9024	9024	6173	2203	3969	e096ca711e1cbaaec162a5d3e6667352
i264s0	142264357224672	15	9024	9024	8994	1872	7121	7694fa3c8e5a01c0b357837e76973eee
i264s0	143363868852448	15	9024	9024	7077	1717	5360	1f0490816d3529bf956a381a5f76a732
i264s0	144463380480224	13	9024	9024	8505	1844	6660	dcf550a234314dc005ef99de4b0c4342
i264s0	145562892108000	21	9024	9024	9547	2679	6868	af06e6832acc6bc376b9e2b14521aca0
i264s0	146662403735776	22	9024	9024	7628	2370	5257	c0bc5a84de35d1ec453ccace78e350cc
i264s0	147761915363552	27	9024	9024	9211	2569	6641	d5ecf622097fae4c6342896138fc2ba2
i264s0	148861426991328	14	9024	9024	8171	1948	6223	6c2632b80d0e9fb58ee244a2f37b7086
i264s0	149960938619104	16	9024	9024	7810	2194	5615	3bdedc6cb97bd0abf076df0acccacfd6
i264s0	151060450246880	22	9024	9024	10108	2362	7745	de5644dc51998a93c2de45a8933d5bc1
i264s0	152159961874656	21	9024	9024	7931	2157	5774	80c05fcc192056fd7776fd6eeba37aec
i264s0	153259473502432	15	9024	9024	7422	2464	4957	64bd58ba1a92ba16e23be10d5a64c9b1
i264s0	154358985130208	26	9024	9024	8001	2628	5372	e9b004f0b961e20731da12745af41645
i264s0	155458496757984	12	9024	9024	7602	2638	4964	29d10ea8e3da4cbb1a5c562f90cfa6d9
i264s0	156558008385760	15	9024	9024	9186	2415	6770	275f008b15a4fad6f0c4cec63d81fbca
i264s0	157657520013536	28	9024	9024	8403	2895	5507	8977ec3e0e8fc77917c10fcbfa96c10b
i264s0	158757031641312	16	9024	9024	10338	3892	6445	9ada466b965a4ec0812c5c0a66c6e9d1
i264s0	159856543269088	13	9024	9024	7543	2498	5045	48fa24b4e537379b3c05d633aec5c775
i264s0	160956054896864	11	9024	9024	8848	2362	6486	fb05c69f0223707864cf149d4f07987b
i264s0	162055566524640	10	9024	9024	9064	2146	6917	65bfdf9c772a4c73d415b7fe08787ab3
i264s0	163155078152416	17	9024	9024	7918	3000	4917	d493c6fbb155e659dab0e75c3d6401a1
i264s0	164254589780192	19	9024	9024	8241	2055	6185	a2282d3f6662022cfa76e89abd597782
i264s0	165354101407968	13	9024	9024	7857	2957	4899	4979d517e06ae1bdf61122ea287bb962
i264s0	166453613035744	9	9024	9024	6753	1694	5059	ef66e4b5b951e79efe23b2c9638a48da
i264s0	167553124663520	17	9024	9024	8898	2409	6488	b2150718bdaefcc44b692062f4a9441d
i264s0	168652636291296	13	9024	9024	6838	2619	4218	c0510da3d4eeb7b14ab31e1b72231529
i264s0	169752147919072	14	9024	9024	6081	1683	4397	b39f9ed43c284835606cbe6bb4c63316
i264s0	170851659546848	16	9024	9024	8235	2868	5366	7d8234d7b31918a4b8ea22a0b7aee03d
i264s0	171951171174624	24	9024	9024	6746	2304	4441	fdf785d6c6ae8651877a334e8f06dc93
i267s0	62000008397025	14	9024	9024	7412	2203	5208	ebb41a7145e23fdfc53b80e5a6b153c4
i267s0	62000008397026	10	9024	9024	7391	2563	4828	84a7fd48c9849f909eacb5fde5543acb
i267s0	62000008397027	20	9024	9024	7726	2481	5244	d08a93e871d775dc000b981504aca816
i267s0	62000008397028	19	9024	9024	6514	2278	4235	77f9d97a98ddbd613ea57bf5ddf1abf6
i267s0	62000008397029	10	9024	9024	7573	2546	5026	cb4bcadd08c68d1924ecd605fa4a2586
i267s0	62000008397030	18	9024	9024	8764	3093	5670	9d16ecd94f519b8603ee73db0bc2eab2
i267s0	62000008397031	23	9024	9024	6406	2027	4379	ef9c659ecf841ace36e0b55c46607154
i267s0	62000008397032	12	9024	9024	7423	2235	5187	86f46e848d18230eaa857faee2bf881f
i267s0	62000008397033	14	9024	9024	7475	2497	4977	90f05899f972a3ec1ee3e1206d5d2afd
i267s0	62000008397034	17	9024	9024	7655	2332	5322	41667bb111f014f403d1bc21d29b9742
i267s0	62000008397035	10	9024	9024	7715	2164	5550	962a0091aa7f99dd25ca599d52fa2a72
i267s0	62000008397036	7	9024	9024	8587	3015	5571	773cedbd78628052346cb4a13b417392
i267s0	62000008397037	17	9024	9024	7286	2427	4859	1432f1d0144160ce6aca9df59bab55de
i267s0	62000008397038	11	9024	9024	7228	2965	4262	f3c59fbca2a84e5c15ffe0a734b5c321
i267s0	62000008397039	9	9024	9024	8050	2321	5728	93f551b3ddbca4b5d82cf470d63fc8e5
i267s0	62000008397040	9	9024	9024	7172	1989	5183	b8a7372db2c378bdf8246d0c49935f5f
i267s0	62000008397041	19	9024	9024	7013	2171	4842	bf55cca3635379fed2612f1538e22ab6
i267s0	62000008397042	15	9024	9024	7072	2133	4939	cf8db5e0cef3d38c73b136837c835b79
i267s0	62000008397043	17	9024	9024	7688	3473	4214	dd6e2b01366124f539e86773324da432
i267s0	62000008397044	15	9024	9024	6069	1742	4326	b04b8293e2ba588dba8c294acba3a4fb
i267s0	62000008397045	11	9024	9024	8291	2453	5838	a2d3ca2d394e1dad4df6be77ba4e137a
i267s0	62000008397046	17	9024	9024	7534	2713	4821	0f16e0bbf76eaa8622ff8cda0610f939
i267s0	62000008397047	14	9024	9024	5975	1981	3994	2f7d7171e45dba10a75b4406cc91e643
i267s0	62000008397048	15	9024	9024	7784	2048	5735	1475528d915465666660a53b26fbbdb0
i267s0	62000008397049	13	9024	9024	7306	2581	4724	61af488b9b22fce25b8ec91064c82f6a
i267s0	62000008397050	17	9024	9024	6787	1781	5005	efb97b753852f5cef12f34843693cd2a
i267s0	62000008397051	14	9024	9024	7875	2353	5522	be38eda67ff5b71b51cc7ff1f1dc8a46
i267s0	62000008397052	21	9024	9024	6601	1864	4737	9adf2396e5961714ac137db5c531b4d7
i267s0	62000008397053	6	9024	9024	7366	3130	4236	39727ede68f072ae11d28f7b2e0d67cf
i267s0	62000008397054	10	9024	9024	7648	2440	5207	30cb8d7b67cbd7702af52244f8ee53ab
i267s0	62000008397055	11	9024	9024	7467	1643	5823	70ee6008c796753f3b59ea4fe95b7c91
i267s0	62000008397056	21	9024	9024	7946	2804	5141	6ffd143bcf221187f4b0b159bfdd37de
i267s0	62000008397057	17	9024	9024	7165	2415	4750	7e0a9839329719e1ca79c3eba2091311
i267s0	62000008397058	13	9024	9024	6212	2025	4187	a521b2453bbada6f53f6fb26fee92a5f
i267s0	62000008397059	15	9024	9024	6156	1965	4190	d3e2c0b228c65c4ae26acdd5d6acb2c0
i267s0	62000008397060	15	9024	9024	6594	2189	4404	d93283eb3424099db366a5b7fe4701d3
i267s0	62000008397061	20	9024	9024	6039	2184	3854	735f9fe5541e6106c4aa0da0067e1e15
i267s0	62000008397062	8	9024	9024	7041	2417	4623	2ea64a755ba4b03253f18907e817ab94
i267s0	62000008397063	16	9024	9024	9006	2784	6222	ad2ee73ad6312ba74ce4265773d59087
i267s0	62000008397064	16	9024	9024	7610	2251	5358	26a25bdd25cba9567a387c6898f289e4
i267s0	62000008397065	20	9024	9024	7251	2197	5053	1bdd0eed8cd202ba6e5abae40f208ea0
i267s0	62000008397066	10	9024	9024	7158	2254	4904	67964ddff74e66aaa94ed8ad484557bc
i267s0	62000008397067	18	9024	9024	7509	1976	5533	bd32b584df8bc66fd5642bc5b5c3a67b
i267s0	62000008397068	12	9024	9024	5850	1671	4178	f43e62733bf190290355f84be663a310
i267s0	62000008397069	8	9024	9024	7808	3262	4546	a57cfe211250a9825faadf7e33ce7081
i267s0	62000008397070	16	9024	9024	7607	2631	4975	a56ab922e71c608cdbcf3db793a33f31
i267s0	62000008397071	21	9024	9024	8194	2373	5820	dd2cd92bda462b02a5e2c2661b24e939
i267s0	62000008397072	18	9024	9024	7199	2283	4915	6d4695355ad4f3941c53e144e34c7aef
i267s0	62000008397073	9	9024	9024	7515	2732	4782	702e300e9c971c38e1ac56d32673acb7
i267s0	62000008397074	13	9024	9024	8122	2351	5770	017261529228a3c7017c9eead97fbcbe
i267s0	62000008397075	16	9024	9024	8725	3707	5017	da7b59e9d729b3afdd4e63aa5a789b9c
i267s0	62000008397076	17	9024	9024	5659	1868	3790	b465605ef2cab357a46e70f218f3bdd8
i267s0	62000008397077	16	9024	9024	8256	2491	5764	2963d7589371abcb4a0f98c1d52b1b74
i267s0	62000008397078	11	9024	9024	6379	1981	4397	8c2d01bf494ac780489bd63d13583c70
i267s0	62000008397079	19	9024	9024	7274	2780	4493	2af1f494d7f1c17c832cb6783ef191ab
i267s0	62000008397080	8	9024	9024	8211	3037	5173	3aac8039e25437009c0c342f48b6d01e
i267s0	62000008397081	17	9024	9024	7873	3075	4797	14bd8dc58a32ae71eacdd295c983b46b
i267s0	62000008397082	16	9024	9024	6950	1998	4952	3c988830d41409aa81ae2b34cb7bd8b2
i267s0	62000008397083	18	9024	9024	7518	2360	5157	b19e696c9acb5395219a9bb694ad9904
i267s0	62000008397084	17	9024	9024	7422	2383	5039	e1ddeb191b7685b365dca93061225a5f
i267s0	62000008397085	19	9024	9024	5606	1850	3755	b7b56dea0518af13d1a4b4dd7b5772df
i267s0	62000008397086	12	9024	9024	6772	2094	4677	2972735a51f1dd5979c0fd221cafb86c
i267s0	62000008397087	22	9024	9024	8909	2753	6156	3843dcf97cf38b7405a1ae264ff0bb8c
i267s0	62000008397088	17	9024	9024	7297	2540	4756	9067cae29ad35cde274a159135854f2a
i267s0	62000008397089	11	9024	9024	8671	3201	5470	0ee24fcc0599b7702c34ec6a2d3dd738
i267s0	62000008397090	18	9024	9024	6136	1903	4232	79c2a7949a17d54808b1cf2cd7101140
i267s0	62000008397091	21	9024	9024	7106	2023	5082	13d0f01509f9a9d3b63334d0fbfe284e
i267s0	62000008397092	11	9024	9024	6365	2256	4109	8dbec8c670027ea41b5e74fc765e7214
i267s0	62000008397093	16	9024	9024	7374	2430	4943	3f89ac542402879b7db79e66aab75995
i267s0	62000008397094	10	9024	9024	7641	2570	5070	1c9af665dafb3d4ac83ef1bec9a55a0d
i267s0	62000008397095	19	9024	9024	6164	1840	4323	d17ae6bc1ab12bb69f190bd18a92ae58
i267s0	62000008397096	12	9024	9024	6855	2305	4550	039a1a179d65396fea356d4303e03e93
i267s0	62000008397097	16	9024	9024	6424	1947	4477	e3e9727a6db57d0f6422bc578a1b3d5f
i267s0	62000008397098	24	9024	9024	7202	2410	4791	47cb0f4da0e7d99cf55ceea2ef037297
i267s0	62000008397099	20	9024	9024	7775	2391	5384	08bfd694b9276a1b26ce09c87f06a270
i267s0	62000008397100	19	9024	9024	6018	1955	4063	b064fcbeb60c6cb979eca49cf0529a6a
i267s0	62000008397101	13	9024	9024	7453	2379	5073	8e8568c20f70d7e4c1156c86210d0bb2
i267s0	62000008397102	12	9024	9024	6309	2352	3956	7e775297a49a2803416e66137aa6d3f4
i267s0	62000008397103	17	9024	9024	7891	2732	5158	01d50b2eb1cec9b3fec7d4ab1fb86619
i267s0	62000008397104	19	9024	9024	7417	3083	4333	5e19991e7eb0f8c03e4fcff15962d0f7
i267s0	62000008397105	13	9024	9024	7313	2267	5046	a528c4bac1519069d5982cfb230a955e
i267s0	62000008397106	14	9024	9024	7132	1919	5212	3fa62c4baee794a8b8e01fe75f55363c
i267s0	62000008397107	12	9024	9024	7315	2302	5013	78a64094feab8edd8b267f81aef07b11
i267s0	62000008397108	13	9024	9024	7571	2819	4751	69cc31e032b074b67ecf6523737f3e2d
i267s0	62000008397109	15	9024	9024	7991	2710	5280	224b2d95c07e11a99c2a01cd25827d87
i267s0	62000008397110	12	9024	9024	6396	1871	4524	f5f4a840ca3a3e9f12fbbf452689b2c1
i267s0	62000008397111	10	9024	9024	8084	2677	5407	261d6c8c80334ded2fec9e2f05731112
i267s0	62000008397112	17	9024	9024	7546	2332	5213	dcc453ec3cae0cea24049acfa2539538
i267s0	62000008397113	10	9024	9024	5715	1632	4082	8aed5e38b442e757fe9596489ec99443
i267s0	62000008397114	17	9024	9024	7181	1971	5210	7a96f2eea80426f11fca766e9b0cbdfa
i267s0	62000008397115	22	9024	9024	7668	2350	5317	4a39c874c44ab105ec6cfc3e67705887
i267s0	62000008397116	23	9024	9024	6503	2848	3654	5799107bdd37345cf1bf781e950acdf2
i267s0	62000008397117	15	9024	9024	6569	2140	4429	ba34d295f272d0a67b028abed61bef02
i267s0	62000008397118	19	9024	9024	8219	3255	4964	e81c3638d40fd8da0489d8bda55f6d1d
i267s0	62000008397119	17	9024	9024	6204	2473	3730	763d41f73690c9dc4f6638cacf298a35
i267s0	62000008397120	11	9024	9024	7737	2052	5684	5782a4f519493827837030c0125d23d4
i267s0	62000008397121	23	9024	9024	5866	2340	3525	55fbc7bba02552f7b9cca176c1723373
i267s0	62000008397122	10	9024	9024	5297	1832	3465	edfa6f159e81567b97a9f4f7f22b78c4
i267s0	62000008397123	13	9024	9024	7837	2863	4973	c2ac29897728e1ecef516bc0fbbfc244
i267s0	62137447350497	16	9024	9024	7030	2122	4907	5bd8033c9e848a502589fe5d84c90c7a
i267s0	62274886303969	19	9024	9024	7038	2220	4818	54315a64ac7b5a37f5f37afa86fd5f73
i267s0	62412325257441	13	9024	9024	7229	2114	5115	66f3aabd089e0048ba70b7a4e1a22da9
i267s0	62549764210913	23	9024	9024	8874	3292	5581	6f8daa2125f3d753a7e0749ba9c8227b
i267s0	62687203164385	21	9024	9024	6625	2140	4484	bb21ac91ad8c6db53c759bc5c0b06f67
i267s0	62824642117857	17	9024	9024	6667	2320	4347	7355ebf3021cc77637e2db80ca7d8aa9
i267s0	62962081071329	14	9024	9024	7016	3305	3711	9e58e8a341ae685d9371fa31faa78654
i267s0	63099520024800	11	9024	9024	8578	2380	6197	abf3edf474bae29d5b6f9fb1f9840d8c
i267s0	63099520024801	14	9024	9024	7914	2557	5357	cd65af3b50db75bdd0af66e0d51a9bf5
i267s0	63236958978273	16	9024	9024	5845	2357	3487	b1b750f6125c5f42618cd89b2f493866
i267s0	63374397931745	8	9024	9024	6568	2716	3852	7440e2320898f7a65655c7d49f802aa9
i267s0	63511836885217	16	9024	9024	7008	2347	4661	6fa5f166798175799ab868b908a93815
i267s0	63649275838689	20	9024	9024	7763	2480	5283	646f2083de8d5dd30a00aa31da8f9dc2
i267s0	63786714792161	14	9024	9024	7343	2341	5001	e872786c1da49313faaace1317479a7f
i267s0	63924153745633	13	9024	9024	7264	1659	5604	d8e7533db88fb4b38c302d731cec93ef
i267s0	64061592699105	29	9024	9024	8264	2115	6148	5eb02b61491b971ce7b786aac8ce1012
i267s0	64199031652576	15	9024	9024	7381	2540	4840	920d335afbeb33b19dff915e3607f32f
i267s0	64199031652577	13	9024	9024	7888	2653	5235	62e3a13d45884c7ef8666f5cc61d7a75
i267s0	64336470606049	14	9024	9024	5679	1526	4152	1cf2710c2eb50e80b131ac374c03d438
i267s0	64473909559521	20	9024	9024	7517	2339	5177	6f5651936dc67c42de8d8f20c06fa178
i267s0	64611348512993	12	9024	9024	7302	1838	5463	2fa33176f8878302a0896cf582357afe
i267s0	64748787466465	18	9024	9024	6189	1650	4538	49581a392ea5091a3d0dae683b45b3ce
i267s0	64886226419937	17	9024	9024	7505	2914	4591	1a29af7832325b8e88689ff4c14b5fe6
i267s0	65023665373409	11	9024	9024	8034	2944	5089	5a14ce0771f876ca4305d270f3c700d9
i267s0	65161104326881	21	9024	9024	7795	2514	5281	d93d4e292b18b6be6f4e2a665f0d0115
i267s0	65298543280352	17	9024	9024	7632	2043	5588	d6e675169c7b5596ce0b151d2a9c2ae2
i267s0	65298543280353	10	9024	9024	8498	2626	5871	49fd3a6b4d2ec7fd91cc66d6007032b3
i267s0	65435982233825	7	9024	9024	6435	2104	4331	26daeb3fab609db3b36e8390d682f78a
i267s0	65573421187297	16	9024	9024	8265	2871	5393	e8232d22a4c5b0d3b0a8f9a963b4edd9
i267s0	65710860140769	12	9024	9024	6952	1978	4973	b5983c4a95b6e8053863bd1cd1728832
i267s0	65848299094241	20	9024	9024	6569	1811	4757	708ecc0862fed446827e7e733611fd82
i267s0	65985738047713	17	9024	9024	7184	1665	5519	64df0b49331d6d0e7e487f996fba6ba4
i267s0	66123177001185	8	9024	9024	7815	2487	5328	71f9b64b68849a8b0986d20116310c80
i267s0	66260615954657	16	9024	9024	7870	2527	5342	b5f53327a71dc17b86b6303c5cd7bb95
i267s0	66398054908128	14	9024	9024	7327	2451	4875	373915373b8111f4dd60b0d79ede72b3
i267s0	66398054908129	12	9024	9024	8425	2597	5828	20411acc2e6773d20850c9218460953b
i267s0	66535493861601	7	9024	9024	7160	1774	5385	d5b78a7738552f1bd37025c607a9c644
i267s0	66672932815073	15	9024	9024	8681	2993	5687	a5387c6b1bfe6e689fa7c9ab77557a1e
i267s0	66810371768545	15	9024	9024	8172	2420	5751	bad4422923e63fda123141adbf16e470
i267s0	66947810722017	19	9024	9024	7076	2462	4614	3dfdc402328a9ac342aad938a3c6c447
i267s0	67085249675489	15	9024	9024	8110	2184	5925	4bd62a57ea5b930f58ada962ace330b3
i267s0	67222688628961	11	9024	9024	9445	2548	6896	1414008adb1c0acce48f44351be625f2
i267s0	67360127582433	16	9024	9024	6580	2381	4199	5f488efe263b630ab5f9a92879227fc2
i267s0	67497566535904	17	9024	9024	5499	1740	3759	814cb0a4b48e48046e0f506e9eb56b85
i267s0	67497566535905	14	9024	9024	7162	2962	4199	9ff6ca7b4a892f6bbfdd33bb6db48144
i267s0	67635005489377	14	9024	9024	8257	2757	5499	af2058d5f1ca34234a18f03b32ba781b
i267s0	67772444442849	12	9024	9024	6463	1919	4543	b6e93849261ebb9441933d5c084e24c5
i267s0	67909883396321	14	9024	9024	7126	2720	4406	8f962afd4259139aad092ce64fde7836
i267s0	68047322349793	13	9024	9024	9571	3834	5736	77777bba9aa21e46378082587e2b2240
i267s0	68184761303265	24	9024	9024	6281	1891	4389	628922e30da5c588cb17004f2efec25c
i267s0	68322200256737	13	9024	9024	6057	1871	4185	d2bf078209216b85b18eca4187a471ea
i267s0	68459639210209	15	9024	9024	7551	3015	4536	4d756ca1fab214563ab2c65a0c7146e0
i267s0	68597078163680	14	9024	9024	7288	2576	4711	9e7a06120a49ed2596a656fb4b6e0c3d
i267s0	68597078163681	13	9024	9024	7164	2308	4856	c1ef18312f085a6bb19b497d91f6242b
i267s0	68734517117153	15	9024	9024	7879	2167	5711	3d3eb2b1e36fce7451fd4c9695270011
i267s0	68871956070625	17	9024	9024	7111	1710	5400	1b3e8b8a3e39e6575e3e695ffa027371
i267s0	69009395024097	16	9024	9024	10433	3622	6810	6e39069fc68dd0e47eacc2e46089f447
i267s0	69146833977569	16	9024	9024	6366	1719	4646	5202701e6548d9d68d91563c2bf9dc2c
i267s0	69284272931041	17	9024	9024	7518	2336	5181	6c34574381856e5aaebd1d42356615c0
i267s0	69421711884513	16	9024	9024	7751	2173	5577	d66452632f9b3ba602be04c00f546585
i267s0	69559150837985	20	9024	9024	5966	1962	4003	dbff0189b6785bb6bdf0c68b2aefd81b
i267s0	69696589791456	20	9024	9024	7001	2325	4675	55b8427d3b7b67117cb12849d04fc257
i267s0	69696589791457	18	9024	9024	7048	2115	4932	a14518e6bc61bab05f236dd8c822e300
i267s0	69834028744929	17	9024	9024	7207	2165	5041	97ae064802c2c148399b7c642301b6f3
i267s0	69971467698401	17	9024	9024	9701	2568	7133	d7257fc168da8d62362ed1ca55e6d684
i267s0	70108906651873	6	9024	9024	8273	2306	5966	e156bdb27dfeaa2055f14cb674e46cee
i267s0	70246345605345	17	9024	9024	6954	2410	4544	80cd3718bba2797a483beaa4c0964359
i267s0	70383784558817	8	9024	9024	7303	2115	5188	505a17ef674f3db1fbe919e9e3b15248
i267s0	70521223512289	10	9024	9024	7708	2141	5566	ed5d747ef6bc7e8c10428b5c77e8e986
i267s0	70658662465761	12	9024	9024	8218	2344	5874	d19cfca16c5f8932b5e767ab898286f2
i267s0	70796101419232	14	9024	9024	6063	1789	4274	eca795b620d71705eb80da470058c10a
i267s0	70796101419233	14	9024	9024	8321	3169	5151	f160d50a3ae6392c9e1fad06c890e66b
i267s0	70933540372705	10	9024	9024	8094	2638	5456	ddd0535094801729d57db9ba1e8ae72e
i267s0	71070979326177	12	9024	9024	10273	2814	7458	25cab2af6bbe965faf0bac535375d2e1
i267s0	71208418279649	15	9024	9024	8026	2512	5513	1b9f8eb6a2ab22c36442f610e303a629
i267s0	71345857233121	16	9024	9024	10082	3402	6680	f150c911880b64b5601a6305548d3d82
i267s0	71483296186593	19	9024	9024	6946	2186	4759	b7cae8d4e96ff4641d1bb470bfda20a3
i267s0	71620735140065	9	9024	9024	7471	1844	5626	c4db67befa4ab4342a764b93921379a3
i267s0	71758174093537	11	9024	9024	8138	3275	4863	f4800a4e0dcf238c090f9dd98e1b7948
i267s0	71895613047008	10	9024	9024	7725	2529	5196	f7ad5646efc66f928967794dd3e2cc19
i267s0	71895613047009	16	9024	9024	8406	2020	6385	cba22eb201e28cfbc771bfaf2e73df0e
i267s0	72033052000481	15	9024	9024	9727	3587	6139	4ef1b7aaa7e70b64bddd8087e34469e3
i267s0	72170490953953	18	9024	9024	8792	1988	6803	2fccdb150e39a244dec08fe3001d547d
i267s0	72307929907425	9	9024	9024	7199	2371	4828	6f30356e24909ee6b278896c173ddbed
i267s0	72445368860897	17	9024	9024	7939	2633	5306	a8231f685079328e5a6c810c7fe7a405
i267s0	72582807814369	22	9024	9024	9796	2138	7658	b367a882f3d0105b2fc8e0f366fef4db
i267s0	72720246767841	21	9024	9024	11929	4031	7898	c70dc078a29d2aea10fcbce5ef3bbdeb
i267s0	72857685721313	15	9024	9024	7325	2064	5261	4350f3dffdd13ad28f7a1ecb128956c9
i267s0	72995124674784	15	9024	9024	5784	1955	3828	3e5609f2e9ba26075bb87426be52f1e1
i267s0	72995124674785	15	9024	9024	8260	2482	5777	e13d3a8596b1f8eb37d79fe89cd1d029
i267s0	73132563628257	14	9024	9024	9136	2945	6190	02396baef64aafbed5a8fce81b314361
i267s0	73270002581729	18	9024	9024	8637	2858	5778	8acd6aa051535a4320397a70013ac43f
i267s0	73407441535201	22	9024	9024	8206	2362	5843	b82703d0034800c3e74f57588de7dda6
i267s0	73544880488673	16	9024	9024	7743	2303	5439	6e99c36139ac14e7f4ccb494321ca4dc
i267s0	73682319442145	14	9024	9024	9842	2212	7630	38d8e61da805a19ebf1030ee1262791f
i267s0	73819758395617	20	9024	9024	9277	2663	6613	8f2014cfa8ff94886b7bcc3fa4d32f77
i267s0	73957197349089	11	9024	9024	9460	3121	6339	1801bc83b05181a118d7618d44db82bb
i267s0	74094636302560	20	9024	9024	8027	2374	5652	85e1a2a5e3147b07311aac00e89fc683
i267s0	74094636302561	13	9024	9024	7437	2540	4896	936ef931ea2793ebcaac541a468b9044
i267s0	74232075256033	14	9024	9024	6258	1665	4592	cb6074b84b0e243da4d8e4cf48234e77
i267s0	74369514209505	15	9024	9024	8410	2838	5572	8e519ad324924def2a92f89a14a53945
i267s0	74506953162977	14	9024	9024	9756	3848	5907	1c3ca6248056ec490c57267111b0dcda
i267s0	74644392116449	16	9024	9024	6799	1816	4983	8bd41017b6cd3fb32b5781029af6c599
i267s0	74781831069921	14	9024	9024	10550	4067	6482	ce4cf6c8b91de0948a8c87c674a9db0c
i267s0	74919270023393	19	9024	9024	7275	2056	5219	abe566ee8c182973b0dfa6c2e06284ad
i267s0	75056708976865	20	9024	9024	10238	3754	6483	66be7ed3d264e24d9911a51eeb27d543
i267s0	75194147930336	14	9024	9024	5775	1735	4040	b3b8263dd65644400a09607295300387
i267s0	75194147930337	11	9024	9024	9279	3083	6196	b440ee762a86ec2587bef14cd4f19af4
i267s0	75331586883809	19	9024	9024	8689	2511	6177	e04b2dbd83ec3f6b8ee40d84f11ab014
i267s0	75469025837281	16	9024	9024	6953	2505	4447	95fb6887fa43c0078eaf1cfbfc5f9d2d
i267s0	75606464790753	15	9024	9024	10050	1976	8073	5476681fcb373e593deb48c988fdee28
i267s0	75743903744225	15	9024	9024	9248	2898	6349	56c4f1a98e8cbcd39108ba1a749d4808
i267s0	75881342697697	19	9024	9024	8686	2679	6007	d7149ae71e1120ab344794427d288823
i267s0	76018781651169	11	9024	9024	8100	2649	5450	2cebe810f0b1cd74e20986102cce9c90
i267s0	76156220604641	15	9024	9024	6958	2507	4451	b07ddf3e3b555c0d1e75dff653388206
i267s0	76293659558112	21	9024	9024	6510	2394	4116	9f8ca7fc6f029aeb33204a576d39d263
i267s0	76293659558113	15	9024	9024	7728	2531	5196	b636bc25ca727eec0be55488c2b53452
i267s0	76431098511585	17	9024	9024	8043	2974	5068	176a8f2c8d2bb11fc6396ff15dc7832c
i267s0	76568537465057	12	9024	9024	8621	3186	5435	20622d123a4ec389a3a5e2adda68ab64
i267s0	76705976418529	11	9024	9024	6997	2051	4945	cb35cf827144e3d86efe5db00a856e10
i267s0	76843415372001	13	9024	9024	7567	2405	5161	dccb99b5e88e036bf053c4ef03942925
i267s0	76980854325473	21	9024	9024	9612	4022	5590	74823a3a3395bc1244848b016bb620da
i267s0	77118293278945	20	9024	9024	10557	4354	6202	6435f6be2ac2f4546d71019cef3f57b6
i267s0	77255732232417	8	9024	9024	8726	2246	6480	4da2c389c06bc3d4403e7e6741a7af9d
i267s0	77393171185888	16	9024	9024	7181	2405	4776	992eb4969a43696d59ea3a93bc9ea30d
i267s0	77393171185889	14	9024	9024	8910	3621	5288	656ebd09d8d835fe9628ea8e20247ecd
i267s0	77530610139361	8	9024	9024	6159	1904	4254	52a335f7b4b6a28f082bf41edede5b32
i267s0	77668049092833	19	9024	9024	6488	2007	4481	8d7790e05b8e391fafd9ce279d519646
i267s0	77805488046305	21	9024	9024	7897	1945	5951	25f19f92412b3653c6dda8f84cbe684c
i267s0	77942926999777	11	9024	9024	8906	2626	6279	695fa2c73f4a2708c34710f68dc9b354
i267s0	78080365953249	16	9024	9024	7929	2088	5840	1d896a416f18885df048763f22604167
i267s0	78217804906721	11	9024	9024	7707	2483	5224	7458712d2764cbf9ab32dad7928c50f9
i267s0	78355243860193	13	9024	9024	9668	2433	7235	e6c84226d81e84a79a1cec3600f6dcc0
i267s0	78492682813664	14	9024	9024	6683	1988	4694	6af81b1f86c23263b12aa2180452b7b3
i267s0	78492682813665	7	9024	9024	7038	2051	4987	8d7571f0f77f537b2728f735bd6c05fd
i267s0	78630121767137	16	9024	9024	8447	2414	6033	a438f85468b3744b9485afc64650ff8e
i267s0	78767560720609	15	9024	9024	8995	2760	6235	504cb907c6638b5d829a8ce6de8770bc
i267s0	78904999674081	16	9024	9024	7100	1914	5185	a847881b8789a6b2700e6a95def19436
i267s0	79042438627553	15	9024	9024	8362	3071	5290	5a86acc46356c1807011c4ab7e4c72d6
i267s0	79179877581025	17	9024	9024	6916	2257	4658	f23145189333d5cd987eb7b1baa121d0
i267s0	79317316534497	12	9024	9024	8678	3320	5357	ec27b14a3b0d0177c17e1f668f96243a
i267s0	79454755487969	15	9024	9024	6959	2277	4681	92b27e761beefafe8a1f9f1c152fa188
i267s0	79592194441440	8	9024	9024	7342	2964	4378	1c90b63b7d3ea60d7cbb4a1a795f5da1
i267s0	79592194441441	21	9024	9024	7737	2591	5146	7c7b72bc6f5222b6619654493cf88c87
i267s0	79729633394913	20	9024	9024	10880	3399	7480	c442514aabf852c0e6b2df3603b89d23
i267s0	79867072348385	14	9024	9024	7097	2230	4866	2de316c7ca109e92e5eca3fa62ff2853
i267s0	80004511301857	12	9024	9024	7050	2372	4678	5365c966fa4ea585bfc0713d945e86fb
i267s0	80141950255329	14	9024	9024	8735	2580	6155	7266db0c3d2d40f6c2e98b53400dee2d
i267s0	80279389208801	14	9024	9024	9304	3097	6206	b56e93cd18bf2bd60499b3bb66bceecb
i267s0	80416828162273	16	9024	9024	7223	2374	4848	fc6f2d55bbca6d760d5ffddf0cfa096e
i267s0	80554267115745	19	9024	9024	7639	2609	5029	0f83691740bc1d9ce74950159bd4ec76
i267s0	80691706069216	16	9024	9024	8857	2680	6177	ca3d5525ccc5817e089ce5a033bc77e1
i267s0	80691706069217	14	9024	9024	7717	3167	4550	e98eee86e8022b1b3d17f3a61fd14cf9
i267s0	80829145022689	18	9024	9024	8015	2652	5362	801c7bc8c82539d1bdc0c4a079cef022
i267s0	80966583976161	24	9024	9024	8815	3248	5566	4e96751e32400aca7b3410c46f512573
i267s0	81104022929633	11	9024	9024	8639	2449	6190	9e16327e6ba824c3a9d8fd60e66e1717
i267s0	81241461883105	17	9024	9024	8246	2409	5836	e0ac65e1fdee2d26ebbbdc07b0abbacf
i267s0	81378900836577	13	9024	9024	7644	2887	4757	12d3bf0132cbd489bf115343f0c8c957
i267s0	81516339790049	11	9024	9024	7509	2342	5166	ad235f93d6ef39f166c81fe319403453
i267s0	81653778743521	18	9024	9024	5791	1905	3885	753e01cbea47c47aa53253a0dc595ffb
i267s0	81791217696992	8	9024	9024	7218	2887	4330	d34f5de7d4cd8bf66bd1dfbb3904aa63
i267s0	81791217696993	10	9024	9024	8293	3128	5165	2ff3ebea88c64018d8ac49186b62dbfe
i267s0	81928656650465	14	9024	9024	6820	1961	4858	ce8a44e70b414f33a7c6302fff7877bd
i267s0	82066095603937	13	9024	9024	6209	2178	4030	7a537c993ea2963b8328eba136551b05
i267s0	82203534557409	13	9024	9024	8070	2612	5458	90d150faf5aad78da0e9d2d2299282e4
i267s0	82340973510881	14	9024	9024	7278	2725	4552	ad6bacefaeea38c3b14f16105b30763d
i267s0	82478412464353	19	9024	9024	8562	2769	5793	e3124bd70a120079ee307cf5720afb7b
i267s0	82615851417825	14	9024	9024	7798	2089	5708	a86748d853feb6c19f6ea426c2cc330d
i267s0	82753290371297	15	9024	9024	8435	2276	6159	244d7a9edf02c46c57d8aee27d6517b3
i267s0	82890729324768	14	9024	9024	7294	2119	5174	031ac6756d1a3d37c95a879b0840f985
i267s0	82890729324769	23	9024	9024	7086	2458	4628	0ed78ea4df9b8baedece0065e71d29d7
i267s0	83028168278241	14	9024	9024	6221	1574	4647	2becf7f70505a2a6cb2f44da33a95153
i267s0	83165607231713	11	9024	9024	8000	2676	5324	2f8a8e4843ee0c9e2bf0be3e552b3e83
i267s0	83303046185185	10	9024	9024	7248	2392	4855	b8fb8406d4fd1d3a210aab4a71f43fc2
i267s0	83440485138657	14	9024	9024	7544	2262	5281	7945e8e72859bd72bfef8fb5e64ccce0
i267s0	83577924092129	13	9024	9024	7486	2388	5098	ce4562d1afda715e58df0ad8d2f0fe97
i267s0	83715363045601	5	9024	9024	6119	1871	4247	fbdc6ffca77bb08291ebcd2c49c16b40
i267s0	83852801999073	5	9024	9024	7656	2590	5066	ba6d0408956805dc838d48fb63495b85
i267s0	83990240952544	11	9024	9024	9126	3389	5737	ce22303a4ce0586620367c662595d6ba
i267s0	83990240952545	15	9024	9024	7863	2479	5384	5678b5cd2dd7cd4a856779b0586108a3
i267s0	84127679906017	13	9024	9024	8154	3386	4767	630fe1ae5c6baedc32dfcbd977858d65
i267s0	84265118859489	17	9024	9024	6752	2337	4415	e7fb4ef01c2dfae5eb8f9c314fa3c3da
i267s0	84402557812961	15	9024	9024	8067	2020	6047	d0d50b4f0ca93c48d8305f4614cb25ba
i267s0	84539996766433	13	9024	9024	6696	2153	4543	0d1d6e6368cdf3be45badb22e8d70810
i267s0	84677435719905	12	9024	9024	7503	1945	5557	3c7a391594948ebf3fcadbedba8e4d05
i267s0	84814874673377	14	9024	9024	8185	3367	4818	345a52cf3d4e87ec31e692e74e812fa5
i267s0	84952313626849	21	9024	9024	6867	1693	5173	c0b0594024db02ae9ba11c8159879e9d
i267s0	85089752580320	10	9024	9024	7766	2886	4879	2b68cc77e0fe60069c878edbdb35043e
i267s0	85089752580321	13	9024	9024	7096	2050	5046	bb673becadb9a4ae2b3aab13bdc32153
i267s0	85227191533793	15	9024	9024	7554	2453	5100	51f304ea13404ef840b190ce2816558d
i267s0	85364630487265	17	9024	9024	6960	3044	3915	f121cb6447623584b88fa3455c90ae12
i267s0	85502069440737	20	9024	9024	8185	2420	5765	05a60b8d5f7d2ed8584432b956937e22
i267s0	85639508394209	22	9024	9024	7098	1976	5121	80b4c6e7a73cae8ba1cd939d08fe77c0
i267s0	85776947347681	21	9024	9024	8418	2400	6017	c6034dfe173c03844ef6003231726623
i267s0	85914386301153	11	9024	9024	7170	2185	4984	7e38b3ee8666183535d8f31848f21945
i267s0	86051825254625	10	9024	9024	8719	3105	5613	8d879326bae16a8637d8be7ca61578e5
i267s0	86189264208096	13	9024	9024	6290	1986	4304	03fd18dffc09158e06a69bc98347d045
i267s0	86189264208097	15	9024	9024	7972	2407	5564	32b5a1df2208fb63df703d2ddc3e15e9
i267s0	86326703161569	13	9024	9024	6179	1861	4317	bb4fed12c1e7be2affb5e185fab30a29
i267s0	86464142115041	16	9024	9024	7336	2265	5071	9a45ab66afabaecde8c7c4830a90673b
i267s0	86601581068513	13	9024	9024	7218	2849	4369	68d88637ab6f0bbdc27dbb8d5c34fde1
i267s0	86739020021985	12	9024	9024	6982	2337	4645	4cc3cd8832a93074757035a9654bdb21
i267s0	86876458975457	18	9024	9024	6241	1712	4528	622cbbf1d4c6e4b07ea6dbf60bd79e20
i267s0	87013897928929	19	9024	9024	6926	2602	4323	31a89c27386b808ec5e13bb23344b89a
i267s0	87151336882401	24	9024	9024	7371	2285	5085	7584a8d69078f79665a88cd60059f987
i267s0	87288775835872	15	9024	9024	6959	2480	4478	35b512f7b3750f5c70cdb24321707d04
i267s0	87288775835873	14	9024	9024	6319	2303	4016	839d52d29a6aa8acf5f250510f9165c5
i267s0	87426214789345	19	9024	9024	6959	2430	4529	879105bad60021e1223f90dd4a541d70
i267s0	87563653742817	11	9024	9024	7864	2819	5045	004e3fd49e1c0fe66167ecfd5a6392d2
i267s0	87701092696289	15	9024	9024	8274	2479	5795	e5e0a40a9a92afe223afffb19b92696f
i267s0	87838531649761	19	9024	9024	6529	2038	4491	581b13517ad856eb596a078c4a9da693
i267s0	87975970603233	22	9024	9024	6855	2376	4478	18b2c225c3c3bc79e51a1500d4c5f67a
i267s0	88113409556705	18	9024	9024	7998	2416	5582	52d6eabd69bc5cf4953bd7100585a0a9
i267s0	88250848510177	14	9024	9024	6723	2079	4644	b5b344d76c7171f085a2b9d0614cb226
i267s0	88388287463648	16	9024	9024	9480	3098	6382	4ccef7a5dc2298139a1fa94f26b43653
i267s0	88388287463649	12	9024	9024	5794	1805	3988	fa307811a1d0cb9121e5b836114aba25
i267s0	88525726417121	13	9024	9024	5222	1673	3548	d8cffc9621d7dd4f3c50f432af6c64b6
i267s0	88663165370593	16	9024	9024	5640	2115	3525	be2f600a5c51b6898df9ad3b8bab2e20
i267s0	88800604324065	14	9024	9024	7937	2195	5742	926c74b4f5ba16c6d7a8dd62b759ba62
i267s0	88938043277537	15	9024	9024	5819	2143	3675	10ef7304913be3a6a6332d009b156961
i267s0	89075482231009	8	9024	9024	8931	2741	6190	ff225eb266424dd5a92a1895e7ecd506
i267s0	89212921184481	10	9024	9024	5082	1789	3292	c353ddce82357c8151ffef1c8fce00f7
i267s0	89350360137953	18	9024	9024	5728	1607	4121	8033708ae490570010c1ec9e112da3e2
i267s0	89487799091424	6	9024	9024	6085	2035	4050	d7e6cc78b1b66b9c91b61c37d97fa677
i267s0	89487799091425	16	9024	9024	7874	2672	5202	6d539efbbbd9c491d8ba74fc8afe1c88
i267s0	89625238044897	16	9024	9024	5572	1882	3689	cbc297342dd1b8cb401e085cff943c61
i267s0	90587310719200	12	9024	9024	7814	2283	5530	8d725225dee18cc972d0fb452df57a32
i267s0	91686822346976	14	9024	9024	8009	2258	5750	5b5342327d61b58f2d4d95c5988ab6d2
i267s0	92786333974752	25	9024	9024	6776	2438	4337	88183f1f8239e1b75ebb5bc279ebfb12
i267s0	93885845602528	16	9024	9024	7277	2127	5150	511ce7b50d702ba8a6aab7422b6d75ae
i267s0	94985357230304	10	9024	9024	5674	1912	3761	cb821d8f6c2b8afa3aff68888271e49a
i267s0	96084868858080	17	9024	9024	9210	2927	6282	2685606628274a4ecb724fb59864b9f8
i267s0	97184380485856	12	9024	9024	6494	2073	4420	856bfee511bbf244cabc2f77a8311091
i267s0	98283892113632	11	9024	9024	5653	1587	4065	cbb116fd5385f02bdf968518a1a3ac2e
i267s0	99383403741408	14	9024	9024	6407	1760	4646	a14e219ce9a57e7087466edc75c43247
i267s0	100482915369184	18	9024	9024	7579	2402	5176	111af335e23160f01a0af7f71538dd6d
i267s0	101582426996960	15	9024	9024	7780	2736	5044	6c27b3164816834074506480696fd89c
i267s0	102681938624736	12	9024	9024	6623	2514	4109	6e73650f9fc8a21bad56c3dc03a1e2eb
i267s0	103781450252512	7	9024	9024	7149	2203	4946	bbdc97c9b5750de796f349cd3d213a1c
i267s0	104880961880288	13	9024	9024	6229	1852	4377	8ab0ae2bc051b9c5aa05bb7b6ee7a2f3
i267s0	105980473508064	17	9024	9024	7844	2567	5277	49c4b0de984a9b684d67bd9e568632f6
i267s0	107079985135840	9	9024	9024	8200	2195	6004	d910dbf086585f8edc9b246fa8eeef81
i267s0	108179496763616	16	9024	9024	5832	1602	4229	4d2080b3c5f2129dc82405f6be73e941
i267s0	109279008391392	17	9024	9024	6467	1720	4747	ab4b679412d80fd49689c8f2f81b526c
i267s0	110378520019168	14	9024	9024	7120	2622	4498	fa2bee8c91c8638a5656606f69181ef1
i267s0	111478031646944	16	9024	9024	7786	2712	5073	3754a361e94bbe37413385a957e446d8
i267s0	112577543274720	21	9024	9024	7481	2015	5465	4d7c15e85432013d11e37a631d87991d
i267s0	113677054902496	19	9024	9024	7809	2301	5507	033f4d668c253b8a531e7bfaf7d08b0d
i267s0	114776566530272	18	9024	9024	5770	1660	4109	5fa891ad79e4f30fcbc0382e5f48fb34
i267s0	115876078158048	25	9024	9024	8218	2115	6102	e128f37ff0d34d94b16a0971026c71f9
i267s0	116975589785824	15	9024	9024	6508	2445	4063	c374e7bf733f402b41eb8b91d1e95bee
i267s0	118075101413600	18	9024	9024	7814	2289	5524	3199106d995e2d95978daef0f9ebc05c
i267s0	119174613041376	9	9024	9024	9904	3417	6487	2a46603203e56ee0e0fb9141300dd62c
i267s0	120274124669152	19	9024	9024	7397	2029	5367	a7fbbaeb4963a75b52e41cd7ffcee208
i267s0	121373636296928	15	9024	9024	8004	2573	5430	4a8750d181669c0d1a53433ff4a42eeb
i267s0	122473147924704	13	9024	9024	5984	2114	3869	6b96a06d6986c4ecf0d81033ebd58ca3
i267s0	123572659552480	17	9024	9024	7488	2416	5072	48cd36e97f87782829f846622cb4ea28
i267s0	124672171180256	9	9024	9024	8203	2995	5208	c37c1b111c3ce79afaec1aab58f9d9fc
i267s0	125771682808032	10	9024	9024	7023	2322	4701	92135a88dc2d447fe541c9458763e9db
i267s0	126871194435808	18	9024	9024	7270	2255	5014	f67386dfbe38e1906e674f455203ac92
i267s0	127970706063584	13	9024	9024	8612	3199	5412	468580eea640a9a5c21b533930007e4e
i267s0	129070217691360	16	9024	9024	7899	1970	5928	1a3e96f0f28f7a5d3ac6ccd03ebb91c6
i267s0	130169729319136	10	9024	9024	5956	1995	3960	5ce1737aa0c6d8dd2d92ef49804c93cc
i267s0	131269240946912	20	9024	9024	7136	2504	4631	b5d6d05962f40039726be187830df577
i267s0	132368752574688	10	9024	9024	6800	1609	5190	ee065ff2e6b40e39ce2a3a2f1de33031
i267s0	133468264202464	12	9024	9024	7373	2550	4823	e14384cb2add7f8732c8b784a934311a
i267s0	134567775830240	11	9024	9024	8333	2618	5714	8a0a12fcfdc923e9cc948aec58522ed6
i267s0	135667287458016	14	9024	9024	7332	2471	4860	30d2fb41699a9e43349f2b85c17ef3ca
i267s0	136766799085792	15	9024	9024	6556	2682	3873	568da16bdd459cb8065deba695d1fe60
i267s0	137866310713568	15	9024	9024	7376	2686	4690	d162227d19eca0f4cf60abc226db23e0
i267s0	138965822341344	17	9024	9024	7135	2325	4810	b458591337ab44856f9f54c04b68a75a
i267s0	140065333969120	13	9024	9024	5481	1578	3902	85ed9bed6c24b975b4347349f7ed25a0
i267s0	141164845596896	20	9024	9024	9088	2658	6430	eb146771df94865f249ebbae8672d26c
i267s0	142264357224672	15	9024	9024	8107	2611	5495	51d0a677ee8ea2669181d5964fea2668
i267s0	143363868852448	17	9024	9024	7310	2542	4767	8b53c4ac63403a15295de23af66592df
i267s0	144463380480224	32	9024	9024	7273	2512	4761	46827935f3cbb0fa4db303687bcf9e38
i267s0	145562892108000	15	9024	9024	6879	2465	4413	591d759e2cab69768a0120f11d46bbc9
i267s0	146662403735776	19	9024	9024	7099	2340	4759	783ac0ce680c5b4483d57c1b772d5ce4
i267s0	147761915363552	15	9024	9024	7276	2464	4811	224fcc06e4ab07e7f38227f117a7120c
i267s0	148861426991328	14	9024	9024	7703	3114	4588	df9d8e73572b6011ace65dc0872a6902
i267s0	149960938619104	13	9024	9024	9383	3322	6060	42b44dc4cd00602d371bdd71ecd8b7a5
i267s0	151060450246880	14	9024	9024	8711	2627	6083	d9eefbe95f42fe789427dd81aac800ab
i267s0	152159961874656	17	9024	9024	7520	2256	5263	8c7b6c49077d01381d06f1674ed3a36f
i267s0	153259473502432	21	9024	9024	6838	1933	4904	ccb84c03280cdb50053b50d83a2c55c4
i267s0	154358985130208	10	9024	9024	9251	2542	6708	778c2410b86d6dbdedbc026904618667
i267s0	155458496757984	21	9024	9024	6985	2398	4587	c5fea808d7eb89d55b52ae35ae92bbc6
i267s0	156558008385760	6	9024	9024	7288	2425	4862	38aee70a05cb03dfc239d5cf8a65a7f2
i267s0	157657520013536	13	9024	9024	6198	2098	4099	c532dc1258de5a24a47de018d79b09c2
i267s0	158757031641312	19	9024	9024	8404	2764	5639	793f71339b1c7010bd54efdb57ab97bf
i267s0	159856543269088	13	9024	9024	6231	1856	4374	091e8de93db58a53dcc5819b2c763fe9
i267s0	160956054896864	13	9024	9024	8557	2328	6228	36590f8e84ad12dddbebaeb4c28718d7
i267s0	162055566524640	16	9024	9024	8998	2752	6246	5dd3495e4485f1458aef3dc26afa2585
i267s0	163155078152416	7	9024	9024	5836	2081	3754	303714bc6fbac03038566c6d388ef62d
i267s0	164254589780192	15	9024	9024	7235	2206	5029	bfb2f7b026089e153a69ecea1a8a9bac
i267s0	165354101407968	17	9024	9024	7795	2584	5210	cfc139ef08bd234f1c29bafc8d42c70f
i267s0	166453613035744	13	9024	9024	7730	2332	5398	6ef22e1276fee5958fbac166303bce46
i267s0	167553124663520	14	9024	9024	7508	2207	5301	882f60d0cfb6e199a1cd7a1ba71f5e70
i267s0	168652636291296	12	9024	9024	7156	2687	4468	8e17641233b7931b057db4412cf9c51f
i267s0	169752147919072	19	9024	9024	9628	2805	6823	0d8abd8c7393b4a2a0a9f0e527b6473e
i267s0	170851659546848	18	9024	9024	6486	2351	4134	9d474edffc66f85977f20398ed6c4597
i267s0	171951171174624	14	9024	9024	7284	2565	4718	03fc223193b6fd1542ffa3d1b3de4424
